{"stat.chestOpened":1,"stat.walkOneCm":8208,"stat.drop.minecraft.wooden_pickaxe":1,"stat.leaveGame":6,"stat.pickup.minecraft.crafting_table":1,"stat.craftItem.minecraft.crafting_table":1,"stat.pickup.minecraft.log":3,"stat.mineBlock.vampirism.cursed_earth":3,"stat.jump":110,"stat.swimOneCm":810,"stat.fallOneCm":4422,"stat.climbOneCm":538,"stat.useItem.minecraft.stone_axe":1,"stat.crouchOneCm":3211,"stat.sprintOneCm":11352,"stat.useItem.minecraft.stone_slab2":1,"stat.pickup.minecraft.apple":3,"stat.pickup.vampirism.cursed_earth":6,"stat.craftItem.minecraft.stick":8,"stat.craftingTableInteraction":4,"stat.pickup.minecraft.iron_ore":11,"stat.craftItem.minecraft.furnace":2,"stat.craftItem.minecraft.planks":12,"stat.craftItem.minecraft.stone_axe":1,"stat.mineBlock.harvestcraft.pamapple":1,"stat.damageTaken":80,"stat.mineBlock.minecraft.crafting_table":1,"stat.craftItem.minecraft.stone_pickaxe":1,"stat.useItem.minecraft.wooden_pickaxe":3,"stat.pickup.minecraft.cobblestone":22,"stat.mineBlock.minecraft.log":3,"stat.flyOneCm":21969,"stat.drop":2,"stat.drop.vampirism.cursed_earth":3,"stat.playOneMinute":6078,"stat.useItem.minecraft.stone_pickaxe":31,"stat.sneakTime":956,"stat.mineBlock.minecraft.iron_ore":11,"stat.timeSinceDeath":6078,"stat.craftItem.minecraft.wooden_pickaxe":1,"stat.mineBlock.minecraft.stone":22,"stat.mineBlock.minecraft.tallgrass":1}