{"stat.drop.minecraft.stone_pickaxe":2,"stat.mineBlock.quark.roots_white_flower":1,"stat.pickup.immersiveengineering.ore":8,"stat.pickup.minecraft.bone":174,"stat.drop.conarm.book":1,"stat.leaveGame":11,"stat.mineBlock.minecraft.cobblestone":46,"stat.pickup.minecraft.stone_pickaxe":1,"stat.pickup.totemexpansion.totem_head_plummeting":1,"stat.pickup.tombstone.familiar_stone":2,"stat.pickup.ebwizardry.spell_book":4,"stat.useItem.minecraft.diamond_sword":257,"stat.swimOneCm":32175,"stat.climbOneCm":4983,"stat.pickup.minecraft.enchanted_book":1,"stat.useItem.minecraft.planks":6,"stat.pickup.quark.ancient_tome":3,"stat.drop.minecraft.cobblestone":14,"stat.pickup.minecraft.glowstone_dust":1,"stat.mineBlock.immersiveengineering.ore":8,"stat.mineBlock.quark.roots":1,"stat.useItem.minecraft.dirt":1,"stat.useItem.minecraft.stone_slab2":18,"stat.pickup.minecraft.rotten_flesh":92,"stat.drop.biomesoplenty.gem":3,"stat.craftItem.minecraft.furnace":2,"stat.pickup.charm.record_creative5":1,"stat.pickup.minecraft.splash_potion":1,"stat.killEntity.artifacts.mimic":1,"stat.craftItem.minecraft.stone_axe":1,"stat.pickup.minecraft.anvil":1,"stat.craftItem.minecraft.stone_pickaxe":1,"stat.pickup.minecraft.cobblestone":180,"stat.mineBlock.biomesoplenty.double_plant":1,"stat.flyOneCm":296598,"stat.pickup.ebwizardry.spectral_dust":2,"stat.drop.vampirism.cursed_earth":3,"stat.killEntity.Witch":1,"stat.pickup.minecraft.redstone":2,"stat.mineBlock.minecraft.iron_ore":21,"stat.timeSinceDeath":3863,"stat.pickup.vampirism.vampire_book":1,"stat.useItem.minecraft.iron_pickaxe":168,"stat.craftItem.minecraft.wooden_pickaxe":1,"stat.mineBlock.biomesoplenty.log_2":8,"stat.pickup.travelersbackpack.travelers_backpack":2,"stat.pickup.minecraft.stonebrick":3,"stat.furnaceInteraction":13,"stat.drop.minecraft.dirt":1,"stat.pickup.minecraft.iron_shovel":1,"stat.pickup.ebwizardry.magic_crystal":19,"stat.mineBlock.minecraft.coal_ore":5,"stat.talkedToVillager":2,"stat.drop.openblocks.info_book":2,"stat.pickup.minecraft.beef":65,"stat.pickup.tombstone.crafting_ingredient":29,"stat.craftItem.minecraft.stone_slab2":0,"stat.useItem.vampirism.vampire_book":1,"stat.sprintOneCm":108837,"stat.pickup.vampirism.cursed_earth":9,"stat.pickup.totemexpansion.totem_head_recalling":1,"stat.craftItem.minecraft.stick":12,"stat.pickup.tombstone.magic_scroll":1,"stat.pickup.minecraft.potion":5,"stat.mineBlock.harvestcraft.pamapple":1,"stat.mineBlock.minecraft.crafting_table":1,"stat.useItem.minecraft.lingering_potion":1,"stat.useItem.minecraft.beef":5,"stat.deaths":5,"stat.drop":12,"stat.playOneMinute":69716,"stat.craftItem.minecraft.iron_pickaxe":1,"stat.pickup.minecraft.iron_block":2,"stat.killEntity.Zombie":59,"stat.pickup.artifacts.bottled_cloud":1,"stat.mineBlock.minecraft.gold_ore":5,"stat.mineBlock.minecraft.tallgrass":1,"stat.diveOneCm":30010,"stat.chestOpened":10,"stat.mineBlock.minecraft.mossy_cobblestone":1,"stat.pickup.botania.mushroom":2,"stat.useItem.minecraft.stone":3,"stat.drop.minecraft.wooden_pickaxe":1,"stat.pickup.minecraft.arrow":4,"stat.useItem.minecraft.chicken":8,"stat.mineBlock.minecraft.anvil":1,"stat.pickup.minecraft.stone_axe":1,"stat.useItem.minecraft.apple":3,"stat.useItem.ancientspellcraft.devoritium_ore":1,"stat.useItem.minecraft.rotten_flesh":28,"stat.mineBlock.botania.mushroom":1,"stat.craftItem.biomesoplenty.planks_0":32,"stat.pickup.minecraft.diamond_sword":2,"stat.jump":1842,"stat.pickup.minecraft.coal":5,"stat.fallOneCm":71053,"stat.pickup.minecraft.carrot":2,"stat.useItem.minecraft.stone_axe":20,"stat.crouchOneCm":17217,"stat.craftItem.minecraft.iron_ingot":11,"stat.craftItem.minecraft.torch":16,"stat.pickup.minecraft.dirt":3,"stat.useItem.biomesoplenty.plant_1":5,"stat.craftingTableInteraction":11,"stat.pickup.minecraft.iron_ore":25,"stat.mineBlock.minecraft.wooden_pressure_plate":16,"stat.pickup.iceandfire.silver_ore":1,"stat.useItem.minecraft.sapling":1,"stat.pickup.minecraft.gold_ore":5,"stat.mineBlock.ancientspellcraft.devoritium_ore":2,"stat.useItem.vampirism.cursed_earth":5,"stat.damageTaken":3466,"stat.pickup.minecraft.feather":20,"stat.pickup.minecraft.leather":28,"stat.pickup.ebwizardry.scroll":1,"stat.mineBlock.minecraft.torch":3,"stat.useItem.minecraft.wooden_pickaxe":3,"stat.useItem.minecraft.furnace":1,"stat.pickup.minecraft.planks":26,"stat.pickup.biomesoplenty.plant_1":2,"stat.pickup.minecraft.bed":1,"tombstone:undead_killed":61,"stat.drop.biomesoplenty.plant_1":2,"stat.pickup.minecraft.potato":1,"stat.mineBlock.biomesoplenty.gem_ore":3,"stat.entityKilledBy.Zombie":1,"stat.useItem.minecraft.stone_pickaxe":33,"stat.damageDealt":15899,"stat.killEntity.Cow":3,"stat.mineBlock.minecraft.dirt":2,"stat.walkOneCm":148430,"stat.useItem.minecraft.torch":17,"stat.mineBlock.iceandfire.silver_ore":1,"stat.pickup.minecraft.crafting_table":1,"stat.useItem.minecraft.log":3,"stat.useItem.minecraft.cobblestone":83,"stat.craftItem.minecraft.crafting_table":1,"stat.pickup.biomesoplenty.sapling_2":5,"stat.mineBlock.ebwizardry.crystal_ore":6,"stat.pickup.minecraft.log":14,"stat.mineBlock.vampirism.cursed_earth":6,"stat.pickup.minecraft.iron_pickaxe":1,"stat.useItem.tombstone.gift":2,"stat.pickup.openblocks.info_book":3,"stat.pickup.bountifulbaubles.magicmirror":1,"stat.pickup.minecraft.stone":4,"stat.craftItem.minecraft.iron_chestplate":1,"stat.pickup.minecraft.chicken":4,"stat.pickup.minecraft.chainmail_leggings":1,"stat.pickup.minecraft.sapling":3,"stat.pickup.minecraft.apple":3,"stat.mineBlock.minecraft.iron_block":2,"stat.pickup.minecraft.gold_ingot":10,"stat.killEntity.ancientspellcraft:skeleton_mage":1,"stat.killEntity.Skeleton":1,"stat.pickup.biomesoplenty.gem":3,"stat.useItem.biomesoplenty.sapling_2":4,"stat.mineBlock.minecraft.stonebrick":3,"stat.craftItem.minecraft.planks":40,"stat.pickup.biomesoplenty.log_2":8,"stat.killEntity.Chicken":1,"stat.useItem.biomesoplenty.planks_0":4,"stat.mobKills":70,"stat.pickup.minecraft.book":5,"stat.mineBlock.minecraft.log":15,"stat.pickup.ancientspellcraft.devoritium_ore":2,"stat.mineBlock.minecraft.leaves":2,"stat.pickup.minecraft.torch":5,"stat.sneakTime":5974,"stat.pickup.minecraft.wool":2,"stat.mineBlock.minecraft.stone":94,"stat.drop.tconstruct.book":1}