{"stat.mineBlock.quark.roots_white_flower":1,"stat.useItem.minecraft.bow":34,"stat.leaveGame":23,"stat.drop.minecraft.gunpowder":3,"stat.pickup.totemexpansion.totem_head_plummeting":1,"stat.pickup.quark.limestone":9,"stat.pickup.tombstone.familiar_stone":2,"stat.pickup.ebwizardry.spell_book":34,"stat.pickup.quark.ancient_tome":3,"stat.pickup.minecraft.rotten_flesh":119,"stat.drop.biomesoplenty.gem":3,"stat.craftItem.minecraft.stone_axe":1,"stat.pickup.minecraft.bucket":16,"stat.pickup.biomesoplenty.mushroom":1,"stat.drop.vampirism.cursed_earth":3,"stat.killEntity.Witch":1,"stat.useItem.minecraft.iron_pickaxe":430,"stat.craftItem.minecraft.wooden_pickaxe":1,"stat.drop.immersiveengineering.seed":2,"stat.pickup.artifacts.feral_claws":2,"stat.furnaceInteraction":45,"stat.killEntity.ZombieVillager":1,"stat.drop.openblocks.info_book":2,"stat.pickup.minecraft.nether_brick":35,"stat.entityKilledBy.WitherSkeleton":1,"stat.drop.minecraft.red_flower":1,"stat.pickup.minecraft.beef":92,"stat.pickup.minecraft.potion":7,"stat.pickup.tombstone.scroll_buff":14,"stat.killEntity.Husk":1,"stat.useItem.minecraft.lingering_potion":1,"stat.pickup.minecraft.emerald":112,"stat.useItem.minecraft.beef":5,"stat.deaths":21,"stat.pickup.minecraft.egg":1,"stat.useItem.minecraft.nether_brick":32,"stat.craftItem.minecraft.iron_pickaxe":1,"stat.mineBlock.minecraft.tallgrass":8,"stat.craftItem.minecraft.cooked_mutton":39,"stat.chestOpened":48,"stat.pickup.botania.mushroom":2,"stat.useItem.minecraft.stone":3,"stat.pickup.minecraft.arrow":212,"stat.pickup.minecraft.gold_nugget":3,"stat.mineBlock.botania.mushroom":2,"stat.drop.minecraft.iron_pickaxe":1,"stat.pickup.minecraft.carrot":6,"stat.crouchOneCm":37048,"stat.craftItem.minecraft.diamond":9,"stat.craftItem.minecraft.iron_ingot":65,"stat.useItem.biomesoplenty.plant_1":28,"stat.killEntity.furantur":4,"stat.craftingTableInteraction":20,"stat.mineBlock.minecraft.wooden_pressure_plate":16,"stat.pickup.iceandfire.silver_ore":1,"stat.pickup.treasure2.iron_ring":15,"stat.mineBlock.biomesoplenty.mud":1,"stat.useItem.minecraft.reeds":1,"stat.mineBlock.biomesoplenty.plant_1":3,"stat.mineBlock.biomesoplenty.plant_0":7,"stat.pickup.minecraft.dye":12,"stat.pickup.minecraft.planks":38,"stat.pickup.biomesoplenty.plant_1":25,"stat.pickup.minecraft.wheat_seeds":1,"stat.mineBlock.biomesoplenty.gem_ore":3,"stat.pickup.tombstone.scroll_of_knowledge":15,"stat.mineBlock.minecraft.dirt":19,"stat.killEntity.VindicationIllager":3,"stat.mineBlock.biomesoplenty.leaves_4":1,"stat.useItem.minecraft.bread":30,"stat.pickup.immersiveengineering.seed":2,"stat.mineBlock.biomesoplenty.leaves_1":1,"stat.mineBlock.iceandfire.silver_ore":1,"stat.useItem.minecraft.cobblestone":148,"stat.pickup.minecraft.iron_pickaxe":2,"stat.craftItem.minecraft.gold_ingot":8,"stat.pickup.minecraft.chicken":5,"stat.pickup.minecraft.tipped_arrow":225,"stat.pickup.minecraft.apple":6,"stat.craftItem.minecraft.bucket":1,"stat.pickup.rats.contaminated_food":2,"stat.craftItem.minecraft.planks":64,"stat.pickup.minecraft.book":40,"stat.useItem.minecraft.stonebrick":4,"stat.mineBlock.minecraft.log":35,"stat.pickup.ancientspellcraft.devoritium_ore":2,"stat.useItem.biomesoplenty.dirt":3,"stat.pickup.biomesoplenty.dirt":13,"stat.pickup.minecraft.red_flower":1,"stat.pickup.minecraft.wool":10,"stat.cakeSlicesEaten":7,"stat.mineBlock.minecraft.cobblestone":92,"stat.pickup.minecraft.stone_pickaxe":1,"stat.pickup.minecraft.flint":4,"stat.pickup.minecraft.enchanted_book":1,"stat.drop.minecraft.cobblestone":18,"stat.pickup.spartanshields.shield_basic_iron":1,"stat.useItem.minecraft.obsidian":7,"stat.useItem.minecraft.stone_slab2":60,"stat.pickup.minecraft.bow":14,"stat.craftItem.minecraft.furnace":2,"stat.useItem.minecraft.egg":1,"stat.pickup.ebwizardry.wizard_robe_earth":1,"stat.craftItem.minecraft.iron_boots":1,"stat.pickup.minecraft.nether_wart_block":1,"stat.mineBlock.minecraft.obsidian":129,"stat.pickup.minecraft.diamond_leggings":1,"stat.flyOneCm":2177226,"stat.pickup.minecraft.fish":9,"stat.timeSinceDeath":308,"stat.pickup.vampirism.vampire_book":17,"stat.drop.minecraft.spider_eye":1,"stat.pickup.ebwizardry.arcane_workbench":2,"stat.craftItem.ebwizardry.magic_crystal":14,"stat.killEntity.ebwizardry:lightning_wraith":5,"stat.pickup.travelersbackpack.travelers_backpack":47,"stat.pickup.minecraft.nether_wart":2,"stat.pickup.ebwizardry.firebomb":45,"stat.mineBlock.minecraft.coal_ore":17,"stat.talkedToVillager":3,"stat.entityKilledBy.ancientspellcraft:skeleton_mage":1,"stat.pickup.minecraft.string":35,"stat.pickup.ebwizardry.magic_wand":15,"stat.pickup.tombstone.crafting_ingredient":30,"stat.entityKilledBy.Skeleton":3,"stat.useItem.vampirism.vampire_book":1,"stat.pickup.vampirism.holy_water_bottle":1,"stat.killEntity.Squid":1,"stat.sprintOneCm":448774,"stat.mineBlock.biomesoplenty.flower_0":1,"stat.pickup.vampirism.cursed_earth":9,"stat.mineBlock.biomesoplenty.grass":7,"stat.killEntity.ebwizardry:evil_wizard":1,"stat.mineBlock.minecraft.diamond_ore":2,"stat.mineBlock.harvestcraft.pamapple":1,"stat.mineBlock.biomesoplenty.mushroom":1,"stat.entityKilledBy.VindicationIllager":1,"stat.pickup.charm.suspicious_soup":2,"stat.waystones:waystonesActivated":1,"stat.pickup.ebwizardry.ruined_spell_book":2,"stat.pickup.minecraft.iron_block":2,"stat.killEntity.Zombie":77,"stat.pickup.minecraft.snowball":4,"stat.mineBlock.minecraft.gold_ore":9,"stat.pickup.minecraft.fire_charge":19,"stat.diveOneCm":94646,"stat.craftItem.minecraft.slime_ball":8,"stat.pickup.minecraft.wheat":3,"stat.mineBlock.minecraft.mossy_cobblestone":2,"stat.useItem.minecraft.chicken":8,"stat.pickup.minecraft.stone_axe":1,"stat.pickup.minecraft.obsidian":1866,"stat.useItem.minecraft.rotten_flesh":42,"stat.jump":6276,"stat.pickup.minecraft.coal":22,"stat.pickup.minecraft.iron_ingot":7,"stat.drop.minecraft.diamond_sword":1,"stat.pickup.minecraft.gunpowder":3,"stat.craftItem.minecraft.torch":40,"stat.pickup.minecraft.dirt":17,"stat.useItem.minecraft.sapling":1,"stat.pickup.minecraft.gold_ore":8,"stat.mineBlock.minecraft.lapis_ore":2,"stat.mineBlock.ancientspellcraft.devoritium_ore":2,"stat.useItem.vampirism.cursed_earth":5,"stat.damageTaken":13871,"stat.pickup.ebwizardry.scroll":1,"stat.mineBlock.minecraft.torch":16,"stat.pickup.immersiveengineering.metal":5,"stat.tradedWithVillager":2,"stat.pickup.ebwizardry.crystal_flower":11,"stat.entityKilledBy.ZombieVillager":1,"stat.pickup.minecraft.bed":3,"stat.drop.biomesoplenty.plant_1":15,"stat.pickup.minecraft.potato":2,"stat.entityKilledBy.Zombie":3,"stat.useItem.minecraft.chest":2,"stat.pickup.minecraft.diamond_pickaxe":13,"stat.useItem.minecraft.lava_bucket":30,"stat.drop.biomesoplenty.sapling_0":3,"stat.useItem.tombstone.gift":3,"stat.craftItem.minecraft.iron_chestplate":1,"stat.pickup.tombstone.familiar_receptacle":15,"stat.drop.minecraft.nether_brick":2,"stat.pickup.biomesoplenty.gem":3,"stat.mineBlock.minecraft.stonebrick":25,"stat.killEntity.stymphalianbird":2,"stat.mobKills":148,"stat.mineBlock.minecraft.bookshelf":11,"stat.pickup.minecraft.diamond":2,"stat.drop.biomesoplenty.dirt":4,"stat.pickup.minecraft.torch":76,"stat.mineBlock.ebwizardry.crystal_flower":11,"stat.killEntity.Blaze":4,"stat.useItem.minecraft.mutton":10,"stat.pickup.minecraft.fishing_rod":2,"stat.useItem.minecraft.planks":30,"stat.pickup.minecraft.glowstone_dust":2,"stat.useItem.minecraft.fire_charge":3,"stat.mineBlock.immersiveengineering.ore":22,"stat.pickup.iceandfire.stymphalian_bird_feather":13,"stat.pickup.tconstruct.slimesling":13,"stat.useItem.minecraft.water_bucket":40,"stat.pickup.minecraft.sand":1,"stat.entityKilledBy.Spider":1,"stat.pickup.minecraft.splash_potion":1,"stat.killEntity.icedragon":1,"stat.pickup.ebwizardry.spectral_dust":2,"stat.mineBlock.biomesoplenty.dirt":7,"stat.pickup.minecraft.furnace":4,"stat.useItem.minecraft.cooked_mutton":42,"stat.pickup.minecraft.totem_of_undying":1,"stat.useItem.charm.suspicious_soup":2,"stat.pickup.totemexpansion.totem_head_recalling":1,"stat.pickup.minecraft.skull":5,"stat.pickup.tombstone.magic_scroll":17,"stat.pickup.minecraft.stone_stairs":3,"stat.pickup.rats.archeologist_hat":1,"stat.mineBlock.minecraft.soul_sand":2,"stat.playOneMinute":301664,"stat.pickup.minecraft.blaze_rod":20,"stat.pickup.minecraft.diamond_block":1,"stat.pickup.minecraft.iron_bars":19,"stat.pickup.minecraft.netherrack":1,"stat.mineBlock.minecraft.netherrack":1,"stat.mineBlock.minecraft.ice":2,"stat.useItem.ancientspellcraft.devoritium_ore":1,"stat.craftItem.biomesoplenty.planks_0":40,"stat.fallOneCm":242176,"stat.craftItem.minecraft.chest":1,"stat.mineBlock.minecraft.nether_wart_block":2,"stat.useItem.charm.bat_bucket":3,"stat.mineBlock.quark.limestone":9,"stat.pickup.minecraft.feather":20,"stat.useItem.minecraft.furnace":2,"stat.useItem.minecraft.stone_pickaxe":33,"stat.craftItem.minecraft.iron_leggings":1,"stat.useItem.minecraft.iron_bars":2,"stat.mineBlock.minecraft.monster_egg":1,"stat.useItem.minecraft.torch":105,"stat.pickup.minecraft.golden_apple":1,"stat.pickup.minecraft.iron_nugget":20,"stat.pickup.minecraft.crafting_table":16,"stat.useItem.minecraft.log":5,"stat.craftItem.minecraft.crafting_table":2,"stat.mineBlock.ebwizardry.crystal_ore":23,"stat.mineBlock.minecraft.emerald_ore":4,"stat.pickup.minecraft.log":70,"stat.useItem.minecraft.cooked_fish":1,"stat.pickup.minecraft.compass":3,"stat.drop.minecraft.stonebrick":5,"stat.drop.minecraft.planks":1,"stat.pickup.minecraft.web":14,"stat.pickup.minecraft.chainmail_leggings":1,"stat.pickup.minecraft.sapling":3,"stat.mineBlock.minecraft.iron_block":2,"stat.killEntity.ancientspellcraft:skeleton_mage":2,"stat.craftItem.ebwizardry.novice_healing_wand":1,"stat.pickup.artifacts.flame_pendant":1,"stat.pickup.vampirism.human_heart":1,"stat.sneakTime":14191,"stat.mineBlock.minecraft.cobblestone_wall":3,"stat.entityKilledBy.Blaze":1,"stat.drop.minecraft.stone_pickaxe":2,"stat.pickup.ancientspellcraft.ancient_spellcraft_scroll":42,"stat.pickup.immersiveengineering.ore":27,"stat.pickup.minecraft.bone":244,"stat.drop.conarm.book":1,"stat.useItem.minecraft.diamond_sword":635,"stat.mineBlock.charm.crate_sealed":8,"stat.swimOneCm":109956,"stat.mineBlock.minecraft.diamond_block":1,"stat.climbOneCm":15637,"stat.mineBlock.quark.roots":3,"stat.useItem.minecraft.dirt":7,"stat.pickup.charm.record_creative5":1,"stat.killEntity.artifacts.mimic":4,"stat.pickup.minecraft.anvil":1,"stat.craftItem.minecraft.stone_pickaxe":1,"stat.pickup.minecraft.cobblestone":253,"stat.mineBlock.biomesoplenty.double_plant":2,"stat.pickup.minecraft.glass_bottle":18,"stat.drop.ebwizardry.astral_diamond":1,"stat.pickup.minecraft.soul_sand":4,"stat.drop.minecraft.wheat_seeds":1,"stat.pickup.minecraft.redstone":2,"stat.mineBlock.minecraft.iron_ore":38,"stat.pickup.minecraft.mutton":147,"stat.pickup.minecraft.mossy_cobblestone":2,"stat.mineBlock.ebwizardry.arcane_workbench":2,"stat.mineBlock.biomesoplenty.log_2":8,"stat.drop.minecraft.iron_bars":1,"stat.pickup.minecraft.stonebrick":51,"stat.drop.minecraft.dirt":1,"stat.pickup.minecraft.iron_shovel":2,"stat.pickup.ebwizardry.magic_crystal":95,"stat.killEntity.vampirism.vampire_hunter":6,"stat.mineBlock.minecraft.nether_brick":36,"stat.pickup.ebwizardry.smoke_bomb":28,"stat.craftItem.tconstruct.slime_boots":1,"stat.craftItem.minecraft.stone_slab2":0,"stat.craftItem.extraalchemy.empty_ring":1,"stat.drop.minecraft.compass":3,"stat.mineBlock.biomesoplenty.log_0":2,"stat.craftItem.minecraft.stick":24,"stat.craftItem.minecraft.gold_nugget":18,"stat.craftItem.minecraft.stone":3,"stat.mineBlock.minecraft.crafting_table":3,"stat.useItem.minecraft.diamond_pickaxe":146,"stat.useItem.minecraft.carrot":5,"stat.mineBlock.minecraft.planks":15,"stat.drop":55,"stat.killEntity.Sheep":5,"stat.drop.minecraft.blaze_rod":20,"stat.craftItem.minecraft.diamond_pickaxe":1,"stat.pickup.artifacts.bottled_cloud":2,"stat.drop.minecraft.bread":8,"stat.pickup.ebwizardry.astral_diamond":1,"stat.drop.minecraft.nether_wart":2,"stat.drop.minecraft.wooden_pickaxe":1,"stat.killEntity.EvocationIllager":1,"stat.useItem.minecraft.glass_bottle":3,"stat.drop.charm.record_creative5":1,"stat.mineBlock.minecraft.anvil":1,"stat.useItem.minecraft.apple":3,"stat.pickup.totemexpansion.totem_head_undying":1,"stat.useItem.minecraft.potion":1,"stat.pickup.minecraft.diamond_sword":17,"stat.pickup.minecraft.iron_helmet":1,"stat.useItem.minecraft.stone_axe":25,"stat.pickup.ebwizardry.poison_bomb":15,"stat.pickup.minecraft.spider_eye":2,"stat.pickup.minecraft.experience_bottle":42,"stat.pickup.minecraft.iron_ore":42,"stat.mineBlock.minecraft.iron_bars":20,"stat.mineBlock.minecraft.stone_stairs":6,"stat.pickup.minecraft.leather":38,"stat.mineBlock.minecraft.furnace":4,"stat.useItem.minecraft.wooden_pickaxe":3,"stat.pickup.minecraft.reeds":29,"tombstone:undead_killed":87,"stat.useItem.tombstone.grave_key":3,"stat.damageDealt":36070,"stat.sleepInBed":9,"stat.killEntity.Cow":5,"stat.walkOneCm":559352,"stat.playerKills":1,"stat.pickup.minecraft.stick":87,"stat.pickup.biomesoplenty.sapling_0":3,"stat.pickup.biomesoplenty.sapling_2":5,"stat.craftItem.extraalchemy.potion_ring":1,"stat.drop.treasure2.silver_coin":2,"stat.mineBlock.vampirism.cursed_earth":6,"stat.pickup.openblocks.info_book":3,"stat.pickup.bountifulbaubles.magicmirror":15,"stat.pickup.minecraft.stone":17,"stat.mineBlock.minecraft.packed_ice":1,"stat.pickup.minecraft.gold_ingot":10,"stat.killEntity.Skeleton":2,"stat.pickup.vampirism.holy_salt":1,"stat.pickup.biomesoplenty.log_0":17,"stat.useItem.biomesoplenty.sapling_2":4,"stat.pickup.biomesoplenty.log_2":8,"stat.killEntity.Chicken":1,"stat.useItem.biomesoplenty.planks_0":4,"stat.killEntity.Spider":7,"stat.pickup.minecraft.bread":14,"stat.drop.biomesoplenty.log_0":2,"stat.useItem.minecraft.golden_apple":1,"stat.mineBlock.minecraft.leaves":3,"stat.killEntity.vampirism.advanced_hunter":1,"stat.mineBlock.minecraft.stone":130,"stat.drop.tconstruct.book":1}