{"stat.drop.tombstone.scroll_of_knowledge":1,"stat.pickup.iceandfire.fire_dragon_flesh":3,"stat.leaveGame":24,"stat.pickup.toughasnails.purified_water_bottle":5,"stat.pickup.quark.limestone":4,"stat.killEntity.vampirism.vampire":1,"stat.pickup.ebwizardry.spell_book":9,"stat.mineBlock.deconstruction.table":2,"stat.mineBlock.minecraft.web":10,"stat.pickup.quark.ancient_tome":1,"stat.pickup.harvestcraft.calamarirawitem":5,"stat.pickup.harvestcraft.seaweeditem":16,"stat.craftItem.iceandfire.chain_link":1961,"stat.pickup.minecraft.rotten_flesh":11,"stat.pickup.minecraft.brick_block":1,"stat.craftItem.minecraft.stone_axe":3,"stat.pickup.minecraft.bucket":5,"stat.entityKilledBy.artifacts.mimic":1,"stat.pickup.harvestcraft.radishitem":10,"stat.craftItem.minecraft.iron_shovel":1,"stat.pickup.minecraft.brown_mushroom":1,"stat.killEntity.Witch":1,"stat.pickup.harvestcraft.scallionitem":5,"stat.pickup.quark.tallow":15,"stat.drop.harvestcraft.radishitem":1,"stat.useItem.minecraft.iron_pickaxe":183,"stat.craftItem.minecraft.wooden_pickaxe":1,"stat.useItem.minecraft.iron_shovel":34,"stat.pickup.harvestcraft.rhubarbitem":8,"stat.useItem.ebwizardry.magic_wand":3,"stat.mineBlock.minecraft.vine":1,"stat.furnaceInteraction":72,"stat.mineBlock.botania.flower":2,"stat.mineBlock.quark.slate":1,"stat.pickup.iceandfire.manuscript":2,"stat.pickup.minecraft.beef":100,"stat.pickup.ebwizardry.arcane_tome":2,"stat.craftItem.conarm.travel_night":1,"stat.pickup.harvestcraft.brusselsproutitem":14,"stat.drop.vampirism.vampirism_flower":1,"stat.pickup.minecraft.potion":1,"stat.useItem.minecraft.flint_and_steel":5,"stat.useItem.minecraft.lingering_potion":1,"stat.useItem.minecraft.beef":26,"stat.deaths":28,"stat.pickup.minecraft.egg":4,"stat.pickup.quark.chain":355,"stat.craftItem.minecraft.iron_pickaxe":2,"stat.pickup.artifacts.panic_necklace":1,"stat.drop.minecraft.glass_bottle":1,"stat.mineBlock.minecraft.tallgrass":30,"stat.craftItem.minecraft.cooked_mutton":37,"stat.pickup.bountifulbaubles.potionwormhole":1,"stat.chestOpened":189,"stat.useItem.minecraft.splash_potion":1,"stat.pickup.botania.mushroom":2,"stat.pickup.harvestcraft.waterchestnutitem":24,"stat.pickup.minecraft.wooden_pressure_plate":7,"stat.pickup.minecraft.gold_nugget":140,"stat.craftItem.minecraft.coal":42,"stat.mineBlock.botania.mushroom":1,"stat.drop.minecraft.iron_pickaxe":1,"stat.pickup.minecraft.carrot":2,"stat.crouchOneCm":31371,"stat.craftItem.minecraft.iron_ingot":384,"stat.craftingTableInteraction":94,"stat.pickup.iceandfire.silver_ore":2,"stat.mineBlock.biomesoplenty.mud":7,"stat.mineBlock.biomesoplenty.plant_1":1,"stat.mineBlock.biomesoplenty.plant_0":18,"stat.pickup.minecraft.dye":5,"stat.pickup.minecraft.planks":79,"stat.pickup.biomesoplenty.plant_1":18,"stat.pickup.minecraft.wheat_seeds":2,"stat.mineBlock.biomesoplenty.gem_ore":3,"stat.pickup.openblocks.technicolor_glasses":1,"stat.pickup.tombstone.scroll_of_knowledge":1,"stat.mineBlock.minecraft.dirt":47,"stat.mineBlock.biomesoplenty.leaves_4":5,"stat.pickup.immersiveengineering.seed":2,"stat.useItem.minecraft.bread":3,"stat.mineBlock.biomesoplenty.leaves_1":4,"stat.mineBlock.iceandfire.silver_ore":2,"stat.useItem.minecraft.cobblestone":51,"stat.useItem.minecraft.gravel":2,"stat.pickup.minecraft.iron_pickaxe":1,"stat.craftItem.minecraft.gold_ingot":14,"stat.pickup.minecraft.chicken":8,"stat.craftItem.minecraft.brewing_stand":1,"stat.pickup.minecraft.apple":4,"stat.mineBlock.twilightforest.firefly":2,"stat.pickup.rats.contaminated_food":4,"stat.craftItem.minecraft.planks":156,"stat.useItem.minecraft.iron_sword":85,"stat.drop.ebwizardry.arcane_tome":1,"stat.drop.paraglider.paraglider":2,"stat.pickup.minecraft.book":11,"stat.mineBlock.minecraft.log":87,"stat.drop.treasure2.milk_crate":1,"stat.pickup.ancientspellcraft.devoritium_ore":2,"stat.useItem.carryon.entity_item":3,"stat.pickup.biomesoplenty.dirt":1,"stat.pickup.minecraft.wool":7,"stat.useItem.minecraft.iron_axe":15,"stat.mineBlock.minecraft.cobblestone":14,"stat.pickup.minecraft.stone_pickaxe":1,"stat.pickup.minecraft.flint":1,"stat.pickup.minecraft.enchanted_book":3,"stat.drop.minecraft.cobblestone":87,"stat.pickup.minecraft.cooked_porkchop":6,"stat.drop.quark.ancient_tome":1,"stat.useItem.minecraft.stone_slab2":69,"stat.craftItem.minecraft.furnace":2,"stat.useItem.minecraft.egg":2,"stat.craftItem.minecraft.iron_boots":1,"stat.pickup.iceandfire.chain_link":356,"stat.craftItem.minecraft.cooked_beef":74,"stat.pickup.harvestcraft.jicamaitem":17,"stat.flyOneCm":1669874,"stat.pickup.harvestcraft.cranberryitem":19,"stat.pickup.minecraft.fish":5,"stat.timeSinceDeath":33006,"stat.pickup.vampirism.vampire_book":2,"stat.useItem.biomesoplenty.pear":1,"stat.pickup.ebwizardry.arcane_workbench":2,"stat.craftItem.minecraft.iron_block":91,"stat.killEntity.Bat":1,"stat.craftItem.ebwizardry.magic_crystal":16,"stat.pickup.harvestcraft.whitemushroomitem":8,"stat.pickup.travelersbackpack.travelers_backpack":10,"stat.pickup.harvestcraft.beanitem":7,"stat.pickup.harvestcraft.riceitem":21,"stat.pickup.minecraft.nether_wart":2,"stat.pickup.ebwizardry.firebomb":1,"tombstone:tomb_raiding":1,"stat.mineBlock.minecraft.coal_ore":151,"stat.talkedToVillager":1,"stat.entityKilledBy.ancientspellcraft:skeleton_mage":1,"stat.pickup.botania.manaresource":1,"stat.pickup.minecraft.string":35,"stat.pickup.ebwizardry.magic_wand":1,"stat.pickup.harvestcraft.asparagusitem":20,"stat.pickup.tombstone.crafting_ingredient":5,"stat.useItem.vampirism.vampire_book":1,"stat.killEntity.Squid":2,"stat.craftItem.tconstruct.tooltables":1,"stat.sprintOneCm":664696,"stat.drop.minecraft.leather":4,"stat.pickup.vampirism.cursed_earth":8,"stat.mineBlock.biomesoplenty.grass":4,"stat.killEntity.ebwizardry:evil_wizard":4,"stat.useItem.tombstone.magic_scroll":1,"stat.useItem.carryon.tile_item":40,"stat.drop.aether_legacy.iron_gloves":3,"stat.useItem.minecraft.snowball":1,"stat.pickup.treasure2.milk_crate":2,"stat.waystones:waystonesActivated":1,"stat.pickup.ebwizardry.ruined_spell_book":2,"stat.drop.tombstone.grave_key":1,"stat.pickup.tombstone.grave_key":1,"stat.killEntity.Zombie":8,"stat.pickup.minecraft.snowball":1,"stat.diveOneCm":202889,"stat.pickup.minecraft.wheat":1,"stat.mineBlock.minecraft.mossy_cobblestone":2,"stat.entityKilledBy.seaserpent":2,"stat.craftItem.minecraft.cooked_porkchop":27,"stat.drop.vampirism.vampire_book":2,"stat.jump":9363,"stat.pickup.minecraft.coal":175,"stat.pickup.minecraft.iron_ingot":67,"stat.pickup.harvestcraft.milletitem":20,"stat.craftItem.minecraft.torch":4,"stat.pickup.minecraft.dirt":15,"stat.mineBlock.ancientspellcraft.devoritium_ore":2,"stat.useItem.vampirism.cursed_earth":6,"stat.mineBlock.biomesoplenty.willow_vine":1,"stat.brewingstandInteraction":13,"stat.damageTaken":14422,"stat.pickup.twilightforest.firefly":2,"stat.mineBlock.minecraft.torch":3,"stat.mineBlock.minecraft.sapling":1,"stat.drop.openblocks.technicolor_glasses":1,"stat.pickup.ebwizardry.crystal_flower":9,"stat.drop.tconstruct.slimesling":2,"stat.pickup.minecraft.bed":3,"stat.pickup.artifacts.thorn_pendant":1,"stat.killEntity.hippogryph":1,"stat.pickup.minecraft.rabbit_hide":3,"stat.entityKilledBy.Zombie":2,"stat.pickup.deconstruction.table":2,"stat.pickup.harvestcraft.greengrapeitem":13,"stat.useItem.ancientspellcraft.ice_cream":18,"stat.pickup.minecraft.rabbit_foot":7,"stat.pickup.bountifulbaubles.potionrecall":9,"stat.useItem.tombstone.gift":2,"stat.pickup.harvestcraft.spiceleafitem":36,"stat.pickup.biomesoplenty.leaves_1":2,"stat.craftItem.minecraft.iron_chestplate":2,"stat.pickup.minecraft.cooked_beef":16,"stat.pickup.biomesoplenty.gem":6,"stat.mineBlock.minecraft.stonebrick":9,"stat.mobKills":62,"stat.mineBlock.biomesoplenty.bramble_plant":1,"stat.craftItem.minecraft.shears":1,"stat.pickup.artifacts.whoopie_cushion":1,"stat.pickup.minecraft.iron_horse_armor":1,"stat.pickup.minecraft.torch":4,"stat.pickup.tconstruct.book":1,"stat.mineBlock.ebwizardry.crystal_flower":9,"stat.pickup.charm.record_hal1":1,"stat.craftItem.minecraft.iron_axe":1,"stat.useItem.minecraft.planks":110,"stat.mineBlock.immersiveengineering.ore":2,"stat.pickup.minecraft.porkchop":114,"stat.pickup.minecraft.glass":22,"stat.pickup.tconstruct.slimesling":5,"stat.useItem.minecraft.water_bucket":54,"stat.mineBlock.minecraft.stone_brick_stairs":4,"stat.pickup.minecraft.sand":24,"stat.pickup.harvestcraft.sweetpotatoitem":3,"stat.pickup.biomesoplenty.pear":2,"stat.craftItem.minecraft.stone_sword":1,"stat.pickup.ebwizardry.spectral_dust":10,"stat.pickup.minecraft.chainmail_chestplate":4,"stat.entityKilledBy.firedragon":3,"stat.mineBlock.minecraft.sand":25,"stat.pickup.treasure2.iron_lock":1,"stat.craftItem.minecraft.blaze_powder":2,"stat.mineBlock.biomesoplenty.dirt":4,"stat.craftItem.minecraft.golden_carrot":2,"stat.pickup.harvestcraft.turnipitem":10,"stat.useItem.minecraft.cooked_mutton":37,"stat.craftItem.paraglider.paraglider":1,"stat.pickup.minecraft.skull":5,"stat.pickup.tombstone.magic_scroll":2,"stat.pickup.tconstruct.slime_dirt":42,"stat.mineBlock.travelersbackpack.sleeping_bag_bottom":1,"stat.playOneMinute":633088,"stat.pickup.minecraft.blaze_rod":22,"stat.pickup.harvestcraft.cottonitem":17,"stat.pickup.rats.raw_rat":1,"stat.pickup.harvestcraft.kaleitem":19,"stat.pickup.harvestcraft.tomatoitem":7,"stat.recordPlayed":1,"stat.pickup.harvestcraft.tomatilloitem":16,"stat.craftItem.biomesoplenty.planks_0":8,"stat.craftItem.minecraft.iron_nugget":7173,"stat.fallOneCm":273548,"stat.mineBlock.ebwizardry.receptacle":2,"stat.pickup.quark.slate":1,"stat.pickup.minecraft.red_mushroom":1,"stat.pickup.conarm.travel_goggles_base":1,"stat.entityKilledBy.ebwizardry:evil_wizard":3,"stat.mineBlock.quark.limestone":4,"stat.pickup.minecraft.feather":24,"stat.mineBlock.minecraft.gravel":14,"stat.useItem.minecraft.stone_pickaxe":659,"stat.useItem.minecraft.stone_sword":161,"stat.craftItem.minecraft.iron_leggings":1,"stat.killEntity.Rabbit":4,"stat.drop.treasure2.iron_lock":1,"stat.pickup.minecraft.record_13":1,"stat.useItem.minecraft.torch":4,"stat.pickup.minecraft.crafting_table":4,"stat.craftItem.minecraft.crafting_table":2,"stat.pickup.minecraft.log":114,"stat.pickup.artifacts.magma_stone":1,"stat.pickup.minecraft.web":10,"stat.pickup.minecraft.sapling":38,"stat.pickup.iceandfire.dragonscales_gray":6,"stat.killEntity.ancientspellcraft:skeleton_mage":7,"stat.mineBlock.iceandfire.goldpile":23,"stat.mineBlock.tconstruct.slime_grass":6,"stat.pickup.ebwizardry.receptacle":2,"stat.craftItem.minecraft.cooked_chicken":4,"stat.pickup.iceandfire.pixie_house":4,"stat.pickup.harvestcraft.juteitem":9,"stat.sneakTime":18598,"stat.pickup.harvestcraft.tealeafitem":7,"stat.pickup.minecraft.rabbit":1,"stat.drop.minecraft.bucket":2,"stat.drop.botania.mushroom":1,"stat.pickup.minecraft.chest":1,"stat.useItem.minecraft.web":7,"stat.drop.minecraft.stone_pickaxe":1,"stat.pickup.immersiveengineering.ore":2,"stat.pickup.minecraft.bone":109,"stat.craftItem.botania.petal":4,"stat.mineBlock.charm.crate_sealed":2,"stat.swimOneCm":101789,"stat.climbOneCm":27402,"stat.mineBlock.quark.roots":2,"stat.pickup.harvestcraft.okraitem":20,"stat.useItem.minecraft.dirt":1,"stat.pickup.aether_legacy.iron_gloves":2,"stat.killEntity.artifacts.mimic":4,"stat.craftItem.minecraft.stone_pickaxe":5,"stat.pickup.minecraft.cobblestone":755,"stat.mineBlock.biomesoplenty.double_plant":3,"stat.useItem.tombstone.scroll_buff":2,"stat.pickup.minecraft.glass_bottle":4,"stat.useItem.minecraft.cooked_beef":75,"stat.pickup.harvestcraft.leekitem":4,"stat.pickup.minecraft.redstone":2,"stat.mineBlock.minecraft.iron_ore":42,"stat.pickup.minecraft.mutton":46,"stat.pickup.minecraft.mossy_cobblestone":2,"stat.mineBlock.ebwizardry.arcane_workbench":2,"stat.mineBlock.biomesoplenty.log_2":19,"stat.pickup.minecraft.stonebrick":2,"stat.craftItem.aether_legacy.iron_gloves":1,"stat.drop.minecraft.dirt":11,"stat.pickup.ebwizardry.magic_crystal":17,"stat.useItem.minecraft.cooked_porkchop":21,"stat.pickup.minecraft.iron_shovel":1,"stat.pickup.minecraft.carpet":1,"stat.pickup.harvestcraft.soggygarden":9,"stat.useItem.harvestcraft.soggygarden":8,"stat.craftItem.minecraft.stone_slab2":0,"stat.pickup.harvestcraft.mulberryitem":25,"stat.killEntity.rat":1,"stat.killEntity.ancientspellcraft:evil_class_wizard":1,"stat.craftItem.minecraft.stick":72,"stat.drop.minecraft.potion":2,"stat.craftItem.minecraft.chainmail_chestplate":249,"stat.pickup.paraglider.paraglider":2,"stat.craftItem.conarm.travel_goggles_base":1,"stat.craftItem.minecraft.gold_nugget":18,"stat.mineBlock.minecraft.crafting_table":4,"stat.pickup.botania.flower":2,"stat.mineBlock.minecraft.planks":27,"stat.drop":45,"stat.killEntity.cyclops":1,"stat.killEntity.Sheep":5,"stat.pickup.harvestcraft.garlicitem":6,"stat.pickup.minecraft.gravel":12,"stat.useItem.minecraft.glass_bottle":4,"stat.useItem.minecraft.apple":4,"stat.mineBlock.minecraft.deadbush":1,"stat.mineBlock.quark.roots_black_flower":1,"stat.mineBlock.tconstruct.slime_dirt":3,"stat.useItem.minecraft.potion":2,"stat.pickup.harvestcraft.blackberryitem":10,"stat.mineBlock.treasure2.milk_crate":1,"stat.pickup.minecraft.iron_helmet":1,"stat.useItem.minecraft.stone_axe":291,"stat.mineBlock.harvestcraft.shadedgarden":37,"stat.craftItem.iceandfire.chain":2,"stat.pickup.minecraft.spider_eye":1,"stat.craftItem.minecraft.iron_helmet":1,"stat.pickup.vampirism.vampire_fang":1,"stat.useItem.minecraft.cooked_chicken":4,"stat.pickup.minecraft.iron_ore":42,"stat.pickup.tconstruct.slime_congealed":24,"stat.craftItem.minecraft.flint_and_steel":1,"stat.mineBlock.minecraft.stone_stairs":1,"stat.pickup.minecraft.leather":29,"stat.mineBlock.iceandfire.pixie_house":4,"stat.useItem.minecraft.wooden_pickaxe":66,"stat.pickup.harvestcraft.blueberryitem":22,"stat.pickup.minecraft.reeds":11,"tombstone:undead_killed":15,"stat.useItem.tombstone.grave_key":4,"stat.pickup.conarm.book":1,"stat.damageDealt":14770,"stat.craftItem.minecraft.glass":24,"stat.sleepInBed":20,"stat.killEntity.Cow":8,"stat.mineBlock.quark.roots_blue_flower":2,"stat.killEntity.Pig":8,"stat.craftItem.minecraft.iron_sword":1,"stat.walkOneCm":1481074,"stat.playerKills":2,"stat.pickup.minecraft.stick":53,"stat.craftItem.quark.custom_chest":1,"stat.pickup.biomesoplenty.sapling_2":8,"stat.mineBlock.vampirism.cursed_earth":7,"stat.pickup.biomesoplenty.mudball":36,"stat.pickup.minecraft.stone":2,"stat.pickup.harvestcraft.zucchiniitem":6,"stat.pickup.minecraft.gold_ingot":4,"stat.pickup.biomesoplenty.log_2":19,"stat.killEntity.Chicken":1,"stat.useItem.biomesoplenty.planks_0":1,"stat.killEntity.Spider":2,"stat.mineBlock.minecraft.leaves":64,"stat.pickup.vampirism.vampirism_flower":1,"stat.pickup.immersiveengineering.blueprint":2,"stat.mineBlock.harvestcraft.soggygarden":106,"stat.mineBlock.minecraft.stone":588,"stat.drop.tconstruct.book":1}