{"stats":{"minecraft:killed":{"minecraft:skeleton":3,"minecraft:zombie":3,"minecraft:creeper":1,"minecraft:spider":2,"minecraft:cow":1,"minecraft:horse":1},"minecraft:mined":{"minecraft:grass":214,"minecraft:grass_block":13,"minecraft:tall_grass":40,"minecraft:azure_bluet":8},"minecraft:custom":{"minecraft:open_chest":3,"minecraft:time_since_rest":1220,"minecraft:damage_taken":825,"minecraft:crouch_one_cm":439,"minecraft:play_one_minute":17470,"minecraft:damage_absorbed":840,"minecraft:sprint_one_cm":91971,"minecraft:deaths":3,"minecraft:walk_one_cm":82360,"minecraft:sneak_time":45,"minecraft:walk_under_water_one_cm":260,"minecraft:mob_kills":11,"minecraft:jump":477,"minecraft:damage_dealt":2230,"minecraft:leave_game":4,"minecraft:walk_on_water_one_cm":5836,"minecraft:time_since_death":1186,"minecraft:sleep_in_bed":1,"minecraft:swim_one_cm":2427,"minecraft:fall_one_cm":95463,"minecraft:fly_one_cm":146739,"minecraft:horse_one_cm":99069},"minecraft:picked_up":{"minecraft:bone":4,"minecraft:azure_bluet":16,"minecraft:arrow":2,"minecraft:rotten_flesh":6,"minecraft:leather":4,"minecraft:wheat_seeds":53,"minecraft:beef":4,"minecraft:string":2,"minecraft:dirt":22},"minecraft:killed_by":{"minecraft:zombie":1},"minecraft:used":{"minecraft:apple":3}},"DataVersion":2586}