{"stat.pickup.tconstruct.book":1,"stat.leaveGame":11,"stat.pickup.toughasnails.purified_water_bottle":2,"stat.mineBlock.ebwizardry.crystal_flower":1,"stat.pickup.quark.limestone":4,"stat.killEntity.vampirism.vampire":1,"stat.pickup.ebwizardry.spell_book":6,"stat.useItem.minecraft.planks":107,"stat.mineBlock.minecraft.web":10,"stat.mineBlock.immersiveengineering.ore":2,"stat.pickup.minecraft.porkchop":98,"stat.pickup.minecraft.glass":22,"stat.pickup.harvestcraft.calamarirawitem":3,"stat.pickup.harvestcraft.seaweeditem":16,"stat.useItem.minecraft.water_bucket":43,"stat.mineBlock.minecraft.stone_brick_stairs":4,"stat.pickup.minecraft.rotten_flesh":11,"stat.pickup.minecraft.sand":24,"stat.craftItem.minecraft.stone_axe":3,"stat.pickup.harvestcraft.sweetpotatoitem":3,"stat.pickup.minecraft.bucket":4,"stat.pickup.biomesoplenty.pear":2,"stat.craftItem.minecraft.stone_sword":1,"stat.entityKilledBy.artifacts.mimic":1,"stat.pickup.ebwizardry.spectral_dust":10,"stat.pickup.harvestcraft.radishitem":10,"stat.pickup.minecraft.brown_mushroom":1,"stat.mineBlock.minecraft.sand":25,"stat.killEntity.Witch":1,"stat.pickup.harvestcraft.scallionitem":5,"stat.pickup.quark.tallow":13,"stat.drop.harvestcraft.radishitem":1,"stat.useItem.minecraft.iron_pickaxe":105,"stat.craftItem.minecraft.wooden_pickaxe":1,"stat.pickup.harvestcraft.rhubarbitem":8,"stat.mineBlock.minecraft.vine":1,"stat.craftItem.minecraft.golden_carrot":1,"stat.furnaceInteraction":63,"stat.mineBlock.botania.flower":2,"stat.pickup.iceandfire.manuscript":2,"stat.pickup.harvestcraft.turnipitem":10,"stat.pickup.minecraft.beef":100,"stat.pickup.ebwizardry.arcane_tome":2,"stat.useItem.minecraft.cooked_mutton":26,"stat.pickup.harvestcraft.brusselsproutitem":14,"stat.drop.vampirism.vampirism_flower":1,"stat.pickup.minecraft.skull":4,"stat.pickup.tombstone.magic_scroll":2,"stat.pickup.minecraft.potion":1,"stat.pickup.tconstruct.slime_dirt":42,"stat.mineBlock.travelersbackpack.sleeping_bag_bottom":1,"stat.useItem.minecraft.beef":26,"stat.deaths":11,"stat.pickup.minecraft.egg":4,"stat.playOneMinute":320192,"stat.craftItem.minecraft.iron_pickaxe":1,"stat.pickup.artifacts.panic_necklace":1,"stat.mineBlock.minecraft.tallgrass":27,"stat.craftItem.minecraft.cooked_mutton":37,"stat.pickup.harvestcraft.cottonitem":17,"stat.chestOpened":75,"stat.pickup.rats.raw_rat":1,"stat.pickup.harvestcraft.kaleitem":19,"stat.pickup.harvestcraft.tomatoitem":7,"stat.pickup.botania.mushroom":2,"stat.pickup.harvestcraft.tomatilloitem":16,"stat.pickup.harvestcraft.waterchestnutitem":24,"stat.pickup.minecraft.wooden_pressure_plate":7,"stat.pickup.minecraft.gold_nugget":140,"stat.craftItem.minecraft.coal":42,"stat.mineBlock.botania.mushroom":1,"stat.drop.minecraft.iron_pickaxe":1,"stat.craftItem.biomesoplenty.planks_0":8,"stat.fallOneCm":136377,"stat.pickup.minecraft.carrot":1,"stat.crouchOneCm":17925,"stat.craftItem.minecraft.iron_ingot":16,"stat.pickup.minecraft.red_mushroom":1,"stat.pickup.conarm.travel_goggles_base":1,"stat.craftingTableInteraction":30,"stat.entityKilledBy.ebwizardry:evil_wizard":3,"stat.pickup.iceandfire.silver_ore":2,"stat.mineBlock.quark.limestone":4,"stat.pickup.minecraft.feather":24,"stat.mineBlock.biomesoplenty.mud":7,"stat.mineBlock.biomesoplenty.plant_1":1,"stat.mineBlock.biomesoplenty.plant_0":14,"stat.pickup.minecraft.dye":4,"stat.pickup.minecraft.planks":9,"stat.pickup.biomesoplenty.plant_1":9,"stat.pickup.minecraft.wheat_seeds":1,"stat.mineBlock.biomesoplenty.gem_ore":3,"stat.mineBlock.minecraft.gravel":9,"stat.useItem.minecraft.stone_pickaxe":659,"stat.useItem.minecraft.stone_sword":161,"stat.killEntity.Rabbit":2,"stat.mineBlock.minecraft.dirt":15,"stat.pickup.minecraft.record_13":1,"stat.mineBlock.biomesoplenty.leaves_4":5,"stat.useItem.minecraft.torch":1,"stat.pickup.immersiveengineering.seed":2,"stat.mineBlock.biomesoplenty.leaves_1":1,"stat.mineBlock.iceandfire.silver_ore":2,"stat.pickup.minecraft.crafting_table":4,"stat.useItem.minecraft.cobblestone":27,"stat.craftItem.minecraft.crafting_table":1,"stat.useItem.minecraft.gravel":2,"stat.pickup.minecraft.log":113,"stat.pickup.minecraft.iron_pickaxe":1,"stat.craftItem.minecraft.gold_ingot":14,"stat.pickup.artifacts.magma_stone":1,"stat.pickup.minecraft.web":2,"stat.pickup.minecraft.chicken":8,"stat.pickup.minecraft.sapling":37,"stat.pickup.minecraft.apple":4,"stat.killEntity.ancientspellcraft:skeleton_mage":7,"stat.mineBlock.iceandfire.goldpile":23,"stat.pickup.rats.contaminated_food":4,"stat.craftItem.minecraft.planks":152,"stat.mineBlock.tconstruct.slime_grass":6,"stat.drop.ebwizardry.arcane_tome":1,"stat.pickup.minecraft.book":11,"stat.mineBlock.minecraft.log":87,"stat.drop.treasure2.milk_crate":1,"stat.craftItem.minecraft.cooked_chicken":4,"stat.pickup.ancientspellcraft.devoritium_ore":2,"stat.pickup.iceandfire.pixie_house":4,"stat.pickup.harvestcraft.juteitem":9,"stat.sneakTime":10962,"stat.pickup.harvestcraft.tealeafitem":7,"stat.pickup.minecraft.wool":6,"stat.pickup.minecraft.rabbit":1,"stat.drop.minecraft.bucket":2,"stat.drop.botania.mushroom":1,"stat.pickup.minecraft.chest":1,"stat.useItem.minecraft.web":7,"stat.drop.minecraft.stone_pickaxe":1,"stat.pickup.immersiveengineering.ore":2,"stat.pickup.minecraft.bone":101,"stat.mineBlock.minecraft.cobblestone":14,"stat.pickup.minecraft.stone_pickaxe":1,"stat.pickup.minecraft.flint":1,"stat.craftItem.botania.petal":4,"stat.mineBlock.charm.crate_sealed":2,"stat.swimOneCm":78245,"stat.climbOneCm":13339,"stat.pickup.minecraft.enchanted_book":3,"stat.drop.minecraft.cobblestone":87,"stat.pickup.minecraft.cooked_porkchop":6,"stat.mineBlock.quark.roots":2,"stat.pickup.harvestcraft.okraitem":20,"stat.useItem.minecraft.dirt":1,"stat.useItem.minecraft.stone_slab2":47,"stat.craftItem.minecraft.furnace":2,"stat.killEntity.artifacts.mimic":4,"stat.useItem.minecraft.egg":2,"stat.craftItem.minecraft.stone_pickaxe":5,"stat.craftItem.minecraft.cooked_beef":74,"stat.pickup.minecraft.cobblestone":712,"stat.mineBlock.biomesoplenty.double_plant":3,"stat.pickup.harvestcraft.jicamaitem":17,"stat.flyOneCm":666458,"stat.useItem.tombstone.scroll_buff":2,"stat.pickup.minecraft.glass_bottle":2,"stat.pickup.harvestcraft.cranberryitem":19,"stat.pickup.minecraft.fish":5,"stat.useItem.minecraft.cooked_beef":61,"stat.pickup.harvestcraft.leekitem":4,"stat.pickup.minecraft.redstone":2,"stat.mineBlock.minecraft.iron_ore":42,"stat.timeSinceDeath":37758,"stat.pickup.vampirism.vampire_book":2,"stat.useItem.biomesoplenty.pear":1,"stat.pickup.minecraft.mutton":37,"stat.pickup.minecraft.mossy_cobblestone":2,"stat.mineBlock.ebwizardry.arcane_workbench":1,"stat.pickup.ebwizardry.arcane_workbench":1,"stat.mineBlock.biomesoplenty.log_2":19,"stat.killEntity.Bat":1,"stat.pickup.harvestcraft.whitemushroomitem":8,"stat.pickup.travelersbackpack.travelers_backpack":9,"stat.pickup.harvestcraft.beanitem":7,"stat.pickup.harvestcraft.riceitem":21,"stat.pickup.ebwizardry.firebomb":1,"stat.pickup.minecraft.stonebrick":2,"stat.drop.minecraft.dirt":11,"stat.pickup.ebwizardry.magic_crystal":8,"stat.useItem.minecraft.cooked_porkchop":9,"stat.pickup.minecraft.iron_shovel":1,"tombstone:tomb_raiding":1,"stat.mineBlock.minecraft.coal_ore":129,"stat.talkedToVillager":1,"stat.entityKilledBy.ancientspellcraft:skeleton_mage":1,"stat.pickup.botania.manaresource":1,"stat.pickup.minecraft.string":33,"stat.pickup.harvestcraft.soggygarden":9,"stat.pickup.ebwizardry.magic_wand":1,"stat.pickup.harvestcraft.asparagusitem":20,"stat.pickup.tombstone.crafting_ingredient":5,"stat.useItem.harvestcraft.soggygarden":8,"stat.craftItem.minecraft.stone_slab2":0,"stat.useItem.vampirism.vampire_book":1,"stat.pickup.harvestcraft.mulberryitem":25,"stat.killEntity.rat":1,"stat.killEntity.Squid":1,"stat.sprintOneCm":310188,"stat.drop.minecraft.leather":4,"stat.pickup.vampirism.cursed_earth":8,"stat.craftItem.minecraft.stick":64,"stat.mineBlock.biomesoplenty.grass":1,"stat.killEntity.ebwizardry:evil_wizard":3,"stat.useItem.tombstone.magic_scroll":1,"stat.craftItem.conarm.travel_goggles_base":1,"stat.craftItem.minecraft.gold_nugget":9,"stat.useItem.minecraft.snowball":1,"stat.mineBlock.minecraft.crafting_table":4,"stat.pickup.treasure2.milk_crate":2,"stat.pickup.botania.flower":2,"stat.mineBlock.minecraft.planks":7,"stat.drop":30,"stat.pickup.ebwizardry.ruined_spell_book":2,"stat.killEntity.Sheep":5,"stat.killEntity.Zombie":8,"stat.pickup.minecraft.snowball":1,"stat.diveOneCm":116706,"stat.pickup.harvestcraft.garlicitem":6,"stat.pickup.minecraft.wheat":1,"stat.mineBlock.minecraft.mossy_cobblestone":2,"stat.pickup.minecraft.gravel":8,"stat.craftItem.minecraft.cooked_porkchop":27,"stat.useItem.minecraft.apple":4,"stat.mineBlock.minecraft.deadbush":1,"stat.drop.vampirism.vampire_book":2,"stat.mineBlock.quark.roots_black_flower":1,"stat.mineBlock.tconstruct.slime_dirt":3,"stat.useItem.minecraft.potion":1,"stat.pickup.harvestcraft.blackberryitem":10,"stat.jump":5033,"stat.mineBlock.treasure2.milk_crate":1,"stat.pickup.minecraft.coal":153,"stat.pickup.minecraft.iron_ingot":7,"stat.useItem.minecraft.stone_axe":288,"stat.pickup.harvestcraft.milletitem":20,"stat.mineBlock.harvestcraft.shadedgarden":37,"stat.pickup.minecraft.spider_eye":1,"stat.pickup.minecraft.dirt":15,"stat.pickup.vampirism.vampire_fang":1,"stat.pickup.minecraft.iron_ore":42,"stat.pickup.tconstruct.slime_congealed":24,"stat.craftItem.minecraft.flint_and_steel":1,"stat.mineBlock.ancientspellcraft.devoritium_ore":2,"stat.useItem.vampirism.cursed_earth":6,"stat.mineBlock.biomesoplenty.willow_vine":1,"stat.mineBlock.minecraft.stone_stairs":1,"stat.pickup.minecraft.leather":29,"stat.damageTaken":7259,"stat.mineBlock.iceandfire.pixie_house":4,"stat.mineBlock.minecraft.torch":1,"stat.useItem.minecraft.wooden_pickaxe":66,"stat.pickup.harvestcraft.blueberryitem":22,"stat.mineBlock.minecraft.sapling":1,"stat.pickup.ebwizardry.crystal_flower":1,"stat.pickup.minecraft.reeds":11,"stat.pickup.minecraft.bed":1,"stat.pickup.artifacts.thorn_pendant":1,"tombstone:undead_killed":15,"stat.useItem.tombstone.grave_key":2,"stat.killEntity.hippogryph":1,"stat.pickup.conarm.book":1,"stat.pickup.minecraft.rabbit_hide":1,"stat.entityKilledBy.Zombie":2,"stat.damageDealt":11575,"stat.craftItem.minecraft.glass":24,"stat.sleepInBed":7,"stat.killEntity.Cow":7,"stat.mineBlock.quark.roots_blue_flower":2,"stat.killEntity.Pig":7,"stat.walkOneCm":784149,"stat.playerKills":1,"stat.pickup.minecraft.stick":53,"stat.craftItem.quark.custom_chest":1,"stat.pickup.harvestcraft.greengrapeitem":13,"stat.pickup.biomesoplenty.sapling_2":8,"stat.pickup.minecraft.rabbit_foot":2,"stat.pickup.bountifulbaubles.potionrecall":5,"stat.mineBlock.vampirism.cursed_earth":7,"stat.useItem.tombstone.gift":1,"stat.pickup.harvestcraft.spiceleafitem":36,"stat.pickup.biomesoplenty.mudball":36,"stat.pickup.minecraft.stone":1,"stat.pickup.harvestcraft.zucchiniitem":6,"stat.pickup.minecraft.cooked_beef":13,"stat.pickup.minecraft.gold_ingot":3,"stat.pickup.biomesoplenty.gem":6,"stat.mineBlock.minecraft.stonebrick":8,"stat.pickup.biomesoplenty.log_2":19,"stat.killEntity.Chicken":1,"stat.useItem.biomesoplenty.planks_0":1,"stat.killEntity.Spider":1,"stat.mobKills":53,"stat.pickup.artifacts.whoopie_cushion":1,"stat.mineBlock.minecraft.leaves":61,"stat.pickup.vampirism.vampirism_flower":1,"stat.pickup.minecraft.torch":3,"stat.pickup.immersiveengineering.blueprint":2,"stat.mineBlock.harvestcraft.soggygarden":106,"stat.mineBlock.minecraft.stone":542,"stat.drop.tconstruct.book":1}