{"stat.chestOpened":8,"stat.pickup.rats.raw_rat":1,"stat.pickup.harvestcraft.kaleitem":2,"stat.pickup.minecraft.bone":54,"stat.leaveGame":5,"stat.pickup.quark.limestone":4,"stat.useItem.minecraft.apple":4,"stat.mineBlock.minecraft.deadbush":1,"stat.killEntity.vampirism.vampire":1,"stat.pickup.minecraft.gold_nugget":140,"stat.useItem.minecraft.potion":1,"stat.craftItem.minecraft.coal":42,"stat.craftItem.biomesoplenty.planks_0":8,"stat.pickup.harvestcraft.blackberryitem":2,"stat.jump":1313,"stat.swimOneCm":3939,"stat.fallOneCm":35477,"stat.climbOneCm":980,"stat.useItem.minecraft.planks":3,"stat.mineBlock.thaumcraft.ore_amber":1,"stat.useItem.minecraft.stone_axe":146,"stat.pickup.minecraft.porkchop":71,"stat.crouchOneCm":1428,"stat.mineBlock.harvestcraft.shadedgarden":3,"stat.pickup.minecraft.spider_eye":1,"stat.pickup.minecraft.dirt":13,"stat.pickup.minecraft.red_mushroom":1,"stat.useItem.minecraft.stone_slab2":10,"stat.pickup.vampirism.vampire_fang":1,"stat.craftingTableInteraction":12,"stat.pickup.minecraft.rotten_flesh":1,"stat.craftItem.minecraft.furnace":1,"stat.useItem.minecraft.egg":2,"stat.craftItem.minecraft.stone_axe":1,"stat.mineBlock.biomesoplenty.willow_vine":1,"stat.mineBlock.quark.limestone":4,"stat.pickup.minecraft.leather":22,"stat.pickup.harvestcraft.sweetpotatoitem":1,"stat.damageTaken":1681,"stat.pickup.minecraft.feather":19,"stat.pickup.minecraft.bucket":1,"stat.pickup.biomesoplenty.pear":2,"stat.craftItem.minecraft.stone_pickaxe":1,"stat.useItem.minecraft.wooden_pickaxe":7,"stat.craftItem.minecraft.cooked_beef":9,"stat.pickup.minecraft.cobblestone":19,"stat.mineBlock.biomesoplenty.plant_0":1,"stat.flyOneCm":186649,"stat.pickup.ebwizardry.spectral_dust":7,"stat.pickup.minecraft.glass_bottle":2,"stat.pickup.harvestcraft.cranberryitem":1,"tombstone:undead_killed":4,"stat.pickup.minecraft.brown_mushroom":1,"stat.killEntity.Witch":1,"stat.useItem.minecraft.stone_pickaxe":43,"stat.useItem.minecraft.cooked_beef":1,"stat.pickup.quark.tallow":10,"stat.damageDealt":3003,"stat.timeSinceDeath":28507,"stat.killEntity.Cow":6,"stat.useItem.biomesoplenty.pear":1,"stat.mineBlock.minecraft.dirt":13,"stat.killEntity.Pig":5,"stat.mineBlock.biomesoplenty.log_2":19,"stat.walkOneCm":214091,"stat.mineBlock.biomesoplenty.leaves_4":5,"stat.playerKills":1,"stat.pickup.harvestcraft.whitemushroomitem":2,"stat.pickup.minecraft.stick":4,"stat.pickup.minecraft.crafting_table":3,"stat.craftItem.minecraft.crafting_table":1,"stat.furnaceInteraction":16,"stat.pickup.biomesoplenty.sapling_2":7,"stat.mineBlock.botania.flower":1,"tombstone:tomb_raiding":1,"stat.pickup.minecraft.log":25,"stat.pickup.iceandfire.manuscript":2,"stat.pickup.minecraft.beef":85,"stat.pickup.ebwizardry.arcane_tome":2,"stat.useItem.tombstone.gift":1,"stat.pickup.tombstone.crafting_ingredient":2,"stat.craftItem.minecraft.stone_slab2":0,"stat.craftItem.minecraft.gold_ingot":14,"stat.killEntity.rat":1,"stat.pickup.minecraft.chicken":8,"stat.pickup.minecraft.sapling":12,"stat.pickup.thaumcraft.vishroom":2,"stat.sprintOneCm":77754,"stat.craftItem.minecraft.stick":4,"stat.killEntity.ebwizardry:evil_wizard":1,"stat.killEntity.ancientspellcraft:skeleton_mage":3,"stat.mineBlock.thaumcraft.vishroom":2,"stat.mineBlock.iceandfire.goldpile":23,"stat.pickup.biomesoplenty.log_2":19,"stat.pickup.minecraft.potion":1,"stat.killEntity.Chicken":1,"stat.useItem.biomesoplenty.planks_0":1,"stat.mineBlock.minecraft.crafting_table":3,"stat.drop.ebwizardry.arcane_tome":1,"stat.mobKills":21,"stat.mineBlock.minecraft.log":24,"stat.useItem.minecraft.beef":26,"stat.deaths":2,"stat.drop":1,"stat.pickup.minecraft.egg":2,"stat.mineBlock.minecraft.leaves":33,"stat.playOneMinute":70359,"stat.pickup.harvestcraft.juteitem":2,"stat.pickup.ebwizardry.ruined_spell_book":2,"stat.sneakTime":965,"stat.pickup.thaumcraft.amber":2,"stat.pickup.minecraft.wool":2,"stat.killEntity.Zombie":1,"stat.mineBlock.harvestcraft.soggygarden":2,"stat.mineBlock.minecraft.stone":6,"stat.mineBlock.minecraft.tallgrass":10,"stat.diveOneCm":9782,"stat.pickup.minecraft.chest":1}