{"stat.walkOneCm":16717,"stat.pickup.minecraft.bone":2,"stat.craftItem.minecraft.planks":16,"stat.leaveGame":1,"stat.craftItem.minecraft.stone_axe":1,"stat.pickup.minecraft.crafting_table":1,"stat.damageTaken":300,"stat.mineBlock.minecraft.crafting_table":1,"stat.craftItem.minecraft.crafting_table":1,"stat.pickup.minecraft.bread":1,"stat.craftItem.minecraft.stone_pickaxe":1,"stat.useItem.minecraft.wooden_pickaxe":18,"stat.killEntity.ZombieVillager":1,"stat.pickup.minecraft.cobblestone":18,"stat.mineBlock.minecraft.coal_ore":7,"stat.mobKills":1,"stat.mineBlock.minecraft.log":4,"stat.pickup.vampirism.item_tent":1,"stat.pickup.minecraft.log":4,"stat.flyOneCm":8511,"stat.deaths":1,"stat.entityKilledBy.firedragon":1,"tombstone:undead_killed":1,"stat.jump":81,"stat.mineBlock.minecraft.leaves":1,"stat.playOneMinute":12757,"stat.pickup.minecraft.coal":7,"stat.fallOneCm":687,"stat.useItem.minecraft.stone_pickaxe":7,"stat.pickup.tombstone.crafting_ingredient":1,"stat.sneakTime":904,"stat.useItem.minecraft.stone_axe":7,"stat.damageDealt":216,"stat.crouchOneCm":3596,"stat.timeSinceDeath":4916,"stat.sprintOneCm":5942,"stat.useItem.minecraft.stone_slab2":1,"stat.craftItem.minecraft.wooden_pickaxe":1,"stat.mineBlock.minecraft.stone":18,"stat.mineBlock.minecraft.tallgrass":1,"stat.craftItem.minecraft.stick":8,"stat.craftingTableInteraction":2}