{"stats":{"minecraft:crafted":{"minecraft:birch_planks":12,"minecraft:crafting_table":1,"minecraft:birch_boat":1},"minecraft:mined":{"minecraft:grass":5,"minecraft:birch_log":3},"minecraft:custom":{"minecraft:open_chest":2,"minecraft:time_since_rest":3549,"minecraft:play_one_minute":7556,"minecraft:crouch_one_cm":189,"minecraft:damage_absorbed":395,"minecraft:sprint_one_cm":41328,"minecraft:deaths":1,"minecraft:damage_taken":284,"minecraft:walk_one_cm":20569,"minecraft:sneak_time":63,"minecraft:walk_under_water_one_cm":2644,"minecraft:jump":88,"minecraft:damage_dealt":30,"minecraft:leave_game":1,"minecraft:time_since_death":3516,"minecraft:walk_on_water_one_cm":17336,"minecraft:interact_with_crafting_table":1,"minecraft:swim_one_cm":70747,"minecraft:fall_one_cm":39595,"minecraft:fly_one_cm":57514},"minecraft:picked_up":{"minecraft:birch_log":3,"minecraft:wheat_seeds":1},"minecraft:used":{"minecraft:crafting_table":1}},"DataVersion":2586}