{"stat.pickup.tconstruct.book":1,"stat.pickup.minecraft.bone":11,"stat.leaveGame":9,"stat.mineBlock.ebwizardry.crystal_flower":3,"stat.swimOneCm":5871,"stat.climbOneCm":1317,"stat.pickup.minecraft.porkchop":13,"stat.useItem.minecraft.dirt":6,"stat.drop.iceandfire.manuscript":2,"stat.useItem.minecraft.stone_slab2":8,"stat.pickup.minecraft.sand":20,"stat.craftItem.minecraft.furnace":1,"stat.useItem.minecraft.egg":1,"stat.craftItem.minecraft.stone_axe":1,"stat.pickup.biomesoplenty.pear":3,"stat.craftItem.minecraft.stone_pickaxe":1,"stat.pickup.minecraft.cobblestone":32,"stat.flyOneCm":216854,"stat.pickup.minecraft.glass_bottle":1,"stat.entityKilledBy.firedragon":8,"stat.mineBlock.minecraft.sand":20,"stat.pickup.mowziesmobs.glowing_jelly":2,"stat.craftItem.minecraft.cooked_fish":4,"stat.pickup.quark.tallow":1,"stat.timeSinceDeath":12971,"stat.pickup.harvestcraft.soursopitem":2,"stat.mineBlock.biomesoplenty.log_2":19,"stat.craftItem.ebwizardry.magic_crystal":6,"stat.pickup.harvestcraft.riceitem":1,"stat.pickup.treasure2.diamond_charm":1,"stat.furnaceInteraction":14,"stat.pickup.ebwizardry.magic_crystal":6,"stat.mineBlock.lootr.lootr_chest":1,"stat.pickup.harvestcraft.asparagusitem":1,"stat.craftItem.minecraft.stone_slab2":0,"stat.killEntity.Squid":1,"stat.sprintOneCm":82595,"stat.craftItem.minecraft.stick":4,"stat.craftItem.ebwizardry.magic_wand":1,"stat.mineBlock.minecraft.crafting_table":1,"stat.pickup.minecraft.saddle":1,"stat.deaths":9,"stat.drop":5,"stat.pickup.minecraft.egg":1,"stat.playOneMinute":81128,"stat.mineBlock.minecraft.tallgrass":10,"stat.diveOneCm":6209,"stat.pickup.harvestcraft.kaleitem":1,"stat.drop.harvestcraft.riceitem":1,"stat.mineBlock.botania.doubleflower2":1,"stat.pickup.minecraft.gravel":8,"stat.pickup.treasure2.gold_coin":2,"stat.pickup.minecraft.gold_nugget":255,"stat.jump":1125,"stat.useItem.minecraft.sand":5,"stat.fallOneCm":51374,"stat.pickup.botania.lexicon":1,"stat.useItem.minecraft.stone_axe":12,"stat.pickup.treasure2.silver_coin":3,"stat.crouchOneCm":33974,"stat.craftItem.minecraft.torch":8,"stat.pickup.minecraft.dirt":7,"stat.craftingTableInteraction":19,"stat.useItem.charm.bat_bucket":1,"stat.drop.quark.tallow":4,"stat.pickup.treasure2.iron_key":2,"stat.pickup.treasure2.stone_key":1,"stat.mineBlock.biomesoplenty.willow_vine":1,"stat.damageTaken":2664,"stat.pickup.minecraft.leather":16,"stat.pickup.minecraft.feather":11,"stat.mineBlock.minecraft.torch":6,"stat.useItem.minecraft.wooden_pickaxe":32,"stat.mineBlock.biomesoplenty.plant_0":1,"stat.pickup.ebwizardry.crystal_flower":3,"stat.pickup.conarm.book":1,"stat.pickup.minecraft.wheat_seeds":3,"stat.mineBlock.minecraft.gravel":8,"stat.drop.biomesoplenty.persimmon":1,"stat.useItem.minecraft.stone_sword":45,"stat.damageDealt":694,"stat.craftItem.minecraft.glass":14,"stat.mineBlock.minecraft.dirt":7,"stat.pickup.biomesoplenty.persimmon":1,"stat.useItem.biomesoplenty.log_2":1,"stat.walkOneCm":119735,"stat.mineBlock.biomesoplenty.leaves_4":6,"stat.useItem.minecraft.torch":9,"stat.pickup.immersiveengineering.seed":2,"stat.useItem.minecraft.bread":2,"stat.craftItem.quark.custom_chest":2,"stat.pickup.minecraft.crafting_table":1,"stat.useItem.minecraft.log":1,"stat.pickup.harvestcraft.greengrapeitem":1,"stat.craftItem.minecraft.crafting_table":1,"stat.pickup.biomesoplenty.sapling_2":4,"stat.useItem.minecraft.gravel":7,"stat.pickup.minecraft.log":43,"stat.useItem.minecraft.cooked_fish":3,"stat.pickup.biomesoplenty.planks_0":10,"stat.pickup.openblocks.info_book":3,"stat.useItem.biomesoplenty.persimmon":1,"stat.craftItem.minecraft.gold_ingot":27,"stat.drop.minecraft.sapling":1,"stat.pickup.minecraft.chicken":3,"stat.pickup.minecraft.sapling":17,"stat.pickup.minecraft.gold_ingot":17,"stat.mineBlock.iceandfire.goldpile":44,"stat.craftItem.minecraft.planks":24,"stat.pickup.biomesoplenty.log_2":19,"stat.mobKills":2,"stat.mineBlock.minecraft.log":40,"stat.mineBlock.minecraft.leaves":1,"stat.pickup.minecraft.torch":12,"stat.sneakTime":8643,"stat.mineBlock.minecraft.stone":32,"stat.pickup.minecraft.chest":1}