{"stat.useItem.minecraft.bow":47,"stat.pickup.minecraft.wooden_slab":67,"stat.leaveGame":49,"stat.pickup.toughasnails.purified_water_bottle":5,"stat.drop.treasure2.gold_coin":9,"stat.pickup.tconstruct.edible":1,"stat.pickup.ebwizardry.spell_book":14,"stat.craftItem.harvestcraft.royaljellyitem":1,"stat.drop.iceandfire.manuscript":2,"stat.pickup.harvestcraft.calamarirawitem":2,"stat.pickup.minecraft.rotten_flesh":14,"stat.craftItem.minecraft.stone_axe":7,"stat.pickup.iceandfire.witherbone":1,"stat.pickup.iceandfire.chared_cobblestone":59,"stat.mineBlock.minecraft.wooden_slab":58,"stat.pickup.minecraft.leather_boots":1,"stat.pickup.minecraft.brown_mushroom":11,"stat.killEntity.Witch":1,"stat.pickup.quark.tallow":8,"stat.pickup.iceandfire.silver_ingot":1,"stat.useItem.minecraft.iron_pickaxe":267,"stat.killEntity.plague_doctor":2,"stat.craftItem.minecraft.bed":1,"stat.furnaceInteraction":163,"stat.mineBlock.quark.slate":3,"stat.killEntity.ZombieVillager":1,"stat.pickup.minecraft.nether_brick":4,"stat.drop.minecraft.red_flower":1,"stat.pickup.minecraft.beef":101,"stat.pickup.biomesoplenty.flower_0":2,"stat.pickup.treasure2.ember_lock":1,"stat.pickup.tombstone.gift":1,"stat.craftItem.toughasnails.purified_water_bottle":10,"stat.pickup.securitycraft.reinforced_planks":173,"stat.pickup.minecraft.potion":5,"stat.craftItem.ebwizardry.magic_wand":2,"stat.useItem.minecraft.flint_and_steel":1,"stat.pickup.tombstone.scroll_buff":1,"stat.pickup.ebwizardry.wizard_hat":1,"stat.pickup.minecraft.emerald":1,"stat.pickup.securitycraft.universal_block_reinforcer_lvl1":5,"stat.pickup.ebwizardry.cooldown_upgrade":2,"stat.pickup.minecraft.lever":7,"stat.deaths":37,"stat.pickup.minecraft.egg":1,"stat.drop.iceandfire.silver_nugget":1,"stat.craftItem.ebwizardry.novice_lightning_wand":1,"stat.mineBlock.minecraft.tallgrass":12,"stat.craftItem.minecraft.cooked_mutton":55,"stat.pickup.bountifulbaubles.potionwormhole":3,"stat.useItem.toughasnails.temperature_coil":15,"stat.chestOpened":285,"stat.craftItem.minecraft.mushroom_stew":3,"stat.drop.toughasnails.purified_water_bottle":2,"stat.pickup.botania.mushroom":1,"stat.useItem.minecraft.stone":1,"stat.pickup.minecraft.arrow":11,"stat.pickup.minecraft.iron_sword":1,"stat.pickup.treasure2.gold_coin":4,"stat.pickup.toughasnails.magma_shard":179,"stat.pickup.minecraft.gold_nugget":292,"stat.pickup.iceandfire.silver_nugget":3,"stat.craftItem.treasure2.key_ring":1,"stat.pickup.ancientspellcraft.arcane_anvil":3,"stat.pickup.botania.lexicon":2,"stat.pickup.minecraft.carrot":35,"stat.pickup.treasure2.silver_coin":4,"stat.useItem.minecraft.rabbit":1,"stat.crouchOneCm":292566,"stat.mineBlock.minecraft.chest":5,"stat.craftItem.minecraft.iron_ingot":5,"stat.craftingTableInteraction":47,"stat.drop.quark.tallow":4,"stat.pickup.treasure2.crate_chest_moldy":1,"stat.pickup.treasure2.stone_key":3,"stat.pickup.toughasnails.temperature_coil":11,"stat.pickup.ebwizardry.identification_scroll":1,"stat.mineBlock.biomesoplenty.plant_1":1,"stat.mineBlock.biomesoplenty.plant_0":10,"stat.pickup.minecraft.dye":3,"stat.pickup.minecraft.planks":210,"stat.pickup.minecraft.wheat_seeds":9,"stat.drop.biomesoplenty.persimmon":1,"stat.pickup.iceandfire.cyclops_eye":1,"stat.pickup.treasure2.cardboard_box":1,"stat.craftItem.ebwizardry.wizard_handbook":1,"stat.pickup.harvestcraft.royaljellyitem":1,"stat.pickup.openblocks.technicolor_glasses":4,"stat.craftItem.deconstruction.table":1,"stat.mineBlock.minecraft.dirt":96,"stat.pickup.biomesoplenty.persimmon":1,"stat.pickup.toughasnails.ice_cube":4,"stat.mineBlock.biomesoplenty.leaves_4":8,"stat.pickup.immersiveengineering.seed":2,"stat.useItem.minecraft.bread":43,"stat.pickup.minecraft.brewing_stand":2,"stat.pickup.harvestcraft.maplesyrupitem":2,"stat.drop.minecraft.rotten_flesh":2,"stat.useItem.minecraft.cobblestone":544,"stat.useItem.minecraft.gravel":57,"stat.mineBlock.minecraft.double_plant":1,"stat.pickup.botania.blacklotus":2,"stat.pickup.securitycraft.reinforced_stone":27,"stat.pickup.minecraft.iron_pickaxe":1,"stat.pickup.treasure2.diamond_key":1,"stat.craftItem.minecraft.gold_ingot":33,"stat.drop.minecraft.sapling":3,"stat.pickup.minecraft.chicken":14,"stat.drop.minecraft.gold_nugget":5,"stat.craftItem.minecraft.brewing_stand":1,"stat.pickup.minecraft.apple":8,"stat.pickup.rats.contaminated_food":1,"stat.craftItem.minecraft.planks":208,"stat.useItem.minecraft.iron_sword":76,"stat.pickup.securitycraft.reinforced_stairs_spruce":42,"stat.pickup.twilightforest.ore_magnet":1,"stat.drop.paraglider.paraglider":1,"stat.useItem.minecraft.stonebrick":66,"stat.pickup.minecraft.book":40,"stat.mineBlock.minecraft.log":250,"stat.useItem.minecraft.spruce_door":5,"stat.pickup.biomesoplenty.dirt":18,"stat.pickup.minecraft.red_flower":14,"stat.pickup.minecraft.wool":8,"stat.killEntity.siren":2,"stat.useItem.securitycraft.reinforced_stairs_spruce":28,"stat.cakeSlicesEaten":6,"stat.useItem.minecraft.iron_axe":176,"stat.mineBlock.minecraft.cobblestone":163,"stat.pickup.minecraft.flint":16,"stat.mineBlock.minecraft.yellow_flower":1,"stat.pickup.minecraft.flower_pot":1,"stat.pickup.minecraft.enchanted_book":2,"stat.pickup.minecraft.cooked_porkchop":13,"stat.mineBlock.rats.rat_cage":1,"stat.useItem.minecraft.obsidian":9,"stat.useItem.minecraft.stone_slab2":155,"stat.drop.ebwizardry.magic_wand":1,"stat.killEntity.deathworm":1,"stat.craftItem.minecraft.furnace":7,"stat.useItem.minecraft.egg":1,"stat.craftItem.minecraft.cooked_beef":25,"stat.flyOneCm":4076152,"stat.pickup.minecraft.fish":2,"stat.pickup.mowziesmobs.glowing_jelly":2,"stat.timeSinceDeath":31817,"stat.pickup.vampirism.vampire_book":1,"stat.useItem.minecraft.wooden_slab":711,"stat.pickup.ancientspellcraft.ancient_spellcraft_spell_book":1,"stat.pickup.ebwizardry.arcane_workbench":4,"stat.craftItem.ebwizardry.magic_crystal":14,"stat.craftItem.minecraft.stonebrick":192,"stat.pickup.travelersbackpack.travelers_backpack":11,"stat.pickup.harvestcraft.riceitem":1,"stat.pickup.treasure2.diamond_charm":1,"stat.mineBlock.minecraft.coal_ore":28,"stat.talkedToVillager":4,"stat.pickup.botania.manabottle":2,"stat.pickup.botania.manaresource":2,"stat.pickup.minecraft.string":11,"stat.craftItem.ebwizardry.spell_book":1,"stat.pickup.harvestcraft.asparagusitem":1,"stat.pickup.tombstone.crafting_ingredient":3,"stat.useItem.minecraft.written_book":1,"stat.mineBlock.ancientspellcraft.arcane_anvil":1,"stat.killEntity.Squid":4,"stat.sprintOneCm":1014110,"stat.mineBlock.minecraft.stone_slab":3,"stat.mineBlock.biomesoplenty.flower_0":1,"stat.pickup.vampirism.cursed_earth":5,"stat.mineBlock.biomesoplenty.grass":15,"stat.killEntity.ebwizardry:evil_wizard":1,"stat.useItem.carryon.tile_item":10,"stat.mineBlock.minecraft.diamond_ore":1,"stat.useItem.securitycraft.keypad_item":4,"stat.pickup.treasure2.milk_crate":1,"stat.pickup.charm.suspicious_soup":3,"stat.pickup.minecraft.leather_leggings":1,"stat.drop.tombstone.grave_key":1,"stat.pickup.tombstone.grave_key":4,"stat.killEntity.Zombie":8,"stat.pickup.iceandfire.chared_dirt":4,"stat.pickup.minecraft.fire_charge":6,"stat.mineBlock.minecraft.gold_ore":3,"stat.diveOneCm":86325,"stat.craftItem.minecraft.slime_ball":8,"stat.pickup.minecraft.wheat":5,"stat.entityKilledBy.seaserpent":1,"stat.pickup.securitycraft.reinforced_logs":83,"stat.craftItem.minecraft.cooked_porkchop":96,"stat.pickup.spellbundle.charm_wishing_well":1,"stat.mineBlock.tconstruct.slime_leaves":7,"stat.pickup.minecraft.obsidian":6,"stat.useItem.minecraft.rotten_flesh":2,"stat.mineBlock.treasure2.viking_chest":1,"stat.jump":6882,"stat.useItem.minecraft.sand":5,"stat.pickup.minecraft.coal":109,"stat.pickup.minecraft.iron_ingot":57,"stat.killEntity.blazing_creeper":1,"stat.craftItem.minecraft.lever":1,"stat.pickup.minecraft.gunpowder":9,"stat.pickup.iceandfire.chared_stone":48,"stat.craftItem.minecraft.torch":8,"stat.pickup.ebwizardry.novice_lightning_wand":1,"stat.pickup.minecraft.dirt":102,"stat.drop.twilightforest.twilight_log":2,"stat.pickup.minecraft.gold_ore":6,"stat.mineBlock.biomesoplenty.willow_vine":1,"stat.brewingstandInteraction":4,"stat.damageTaken":22462,"stat.useItem.minecraft.stone_brick_stairs":69,"stat.mineBlock.minecraft.torch":15,"stat.mineBlock.treasure2.cardboard_box":1,"stat.mineBlock.minecraft.red_flower":10,"stat.pickup.minecraft.written_book":1,"stat.tradedWithVillager":2,"stat.pickup.ebwizardry.crystal_flower":5,"stat.drop.tconstruct.slimesling":1,"stat.pickup.minecraft.bed":2,"stat.pickup.minecraft.potato":55,"stat.entityKilledBy.Zombie":7,"stat.pickup.minecraft.rabbit_hide":2,"stat.pickup.ancientspellcraft.crystal_shard_fire":1,"stat.useItem.biomesoplenty.log_2":1,"stat.craftItem.minecraft.stone_slab":6,"stat.pickup.ancientspellcraft.stone_tablet_large":1,"stat.useItem.minecraft.chest":21,"stat.pickup.minecraft.diamond_pickaxe":1,"stat.pickup.harvestcraft.greengrapeitem":1,"stat.useItem.minecraft.lava_bucket":1,"stat.craftItem.biomesoplenty.fir_stairs":8,"stat.useItem.ancientspellcraft.ice_cream":39,"stat.pickup.minecraft.rabbit_foot":2,"stat.mineBlock.biomesoplenty.planks_0":128,"stat.useItem.securitycraft.reinforced_stone_brick":59,"stat.craftItem.minecraft.iron_chestplate":1,"stat.craftItem.mcwtrpdoors.spruce_cottage_trapdoor":2,"stat.pickup.scalinghealth.heartcontainer":1,"stat.useItem.minecraft.netherrack":58,"stat.pickup.treasure2.thiefs_lock_pick":1,"stat.mineBlock.minecraft.stonebrick":28,"stat.pickup.harvestcraft.queenbeeitem":1,"stat.pickup.harvestcraft.gigapickleseeditem":1,"stat.mineBlock.waystones.waystone":1,"stat.mineBlock.minecraft.glowstone":12,"stat.mobKills":47,"stat.mineBlock.minecraft.bookshelf":11,"stat.drop.minecraft.written_book":1,"stat.pickup.securitycraft.reinforced_stone_button":1,"stat.pickup.minecraft.diamond":2,"stat.pickup.minecraft.beetroot_seeds":4,"stat.pickup.minecraft.torch":56,"stat.craftItem.minecraft.spruce_stairs":16,"stat.drop.iceandfire.chared_cobblestone":2,"stat.pickup.tconstruct.book":2,"stat.mineBlock.ebwizardry.crystal_flower":3,"stat.pickup.treasure2.viking_chest":1,"stat.craftItem.minecraft.iron_axe":1,"stat.killEntity.Blaze":3,"stat.pickup.iceandfire.earplugs":2,"stat.useItem.minecraft.planks":186,"stat.pickup.minecraft.glowstone_dust":36,"stat.pickup.minecraft.porkchop":78,"stat.pickup.tconstruct.slimesling":1,"stat.drop.travelersbackpack.travelers_backpack":1,"stat.mineBlock.minecraft.stone_brick_stairs":23,"stat.pickup.minecraft.sand":44,"stat.pickup.biomesoplenty.pear":3,"stat.mineBlock.treasure2.crate_chest_moldy":1,"stat.entityKilledBy.firedragon":15,"stat.mineBlock.minecraft.sand":34,"stat.pickup.treasure2.iron_lock":1,"stat.craftItem.minecraft.cooked_fish":4,"stat.drop.minecraft.diamond":1,"stat.pickup.tconstruct.slime_sapling":7,"stat.craftItem.securitycraft.reinforced_stone_button":27,"stat.mineBlock.tconstruct.slime_grass_tall":86,"stat.mineBlock.biomesoplenty.dirt":20,"stat.trappedChestTriggered":6,"stat.useItem.minecraft.oak_stairs":129,"stat.craftItem.toughasnails.temperature_coil":2,"stat.pickup.quark.crystal":4,"stat.pickup.harvestcraft.turnipitem":1,"stat.pickup.treasure2.diamond_lock":2,"stat.pickup.minecraft.furnace":8,"stat.useItem.minecraft.cooked_mutton":55,"stat.craftItem.paraglider.paraglider":1,"stat.pickup.tombstone.magic_scroll":5,"stat.pickup.minecraft.stone_stairs":1,"stat.useItem.minecraft.pumpkin_pie":2,"stat.pickup.chiselsandbits.chiseled_rock":1,"stat.pickup.tconstruct.slime_dirt":21,"stat.pickup.treasure2.leaf_lock":3,"stat.pickup.minecraft.saddle":2,"stat.craftItem.minecraft.heavy_weighted_pressure_plate":6,"stat.mineBlock.minecraft.oak_stairs":40,"stat.playOneMinute":874835,"stat.pickup.minecraft.blaze_rod":6,"stat.drop.securitycraft.universal_block_reinforcer_lvl1":2,"stat.craftItem.securitycraft.keypad_item":2,"stat.pickup.minecraft.iron_bars":22,"stat.pickup.minecraft.netherrack":627,"stat.pickup.harvestcraft.kaleitem":1,"stat.pickup.minecraft.pumpkin":5,"stat.pickup.minecraft.spruce_door":4,"stat.mineBlock.minecraft.netherrack":583,"stat.useItem.securitycraft.reinforced_logs":45,"stat.pickup.securitycraft.door_indestructible_iron_item":4,"stat.mineBlock.minecraft.ice":7,"stat.craftItem.iceandfire.earplugs":2,"stat.craftItem.biomesoplenty.planks_0":232,"stat.mineBlock.minecraft.gold_block":1,"stat.craftItem.minecraft.iron_hoe":1,"stat.pickup.tombstone.tablet_of_cupidity":1,"stat.fallOneCm":384113,"stat.drop.minecraft.dye":1,"stat.pickup.quark.slate":7,"stat.craftItem.minecraft.chest":13,"stat.mineBlock.minecraft.lever":4,"stat.pickup.minecraft.red_mushroom":1,"stat.pickup.minecraft.melon":1,"stat.entityKilledBy.ebwizardry:evil_wizard":1,"stat.useItem.charm.bat_bucket":1,"stat.pickup.minecraft.feather":38,"stat.craftItem.minecraft.wooden_button":4,"stat.useItem.minecraft.furnace":10,"stat.pickup.minecraft.iron_leggings":1,"stat.useItem.biomesoplenty.fir_stairs":4,"stat.mineBlock.minecraft.gravel":159,"stat.useItem.minecraft.stone_pickaxe":262,"stat.pickup.waystones.waystone":1,"stat.useItem.minecraft.stone_sword":128,"stat.craftItem.minecraft.oak_stairs":16,"stat.useItem.minecraft.iron_bars":4,"stat.pickup.minecraft.flint_and_steel":1,"stat.useItem.minecraft.torch":35,"stat.drop.botania.flower":2,"stat.pickup.minecraft.crafting_table":2,"stat.useItem.minecraft.log":169,"stat.craftItem.minecraft.crafting_table":1,"stat.killEntity.LavaSlime":2,"stat.mineBlock.minecraft.emerald_ore":2,"stat.pickup.minecraft.log":994,"stat.useItem.minecraft.cooked_fish":4,"stat.pickup.biomesoplenty.planks_0":136,"stat.pickup.rats.rat_cage":1,"stat.useItem.biomesoplenty.persimmon":1,"stat.pickup.minecraft.web":3,"stat.pickup.ancientspellcraft.stone_tablet_grand":1,"stat.pickup.minecraft.sapling":77,"stat.mineBlock.iceandfire.goldpile":44,"stat.mineBlock.tconstruct.slime_grass":24,"stat.drop.twilightforest.steeleaf_chestplate":1,"stat.useItem.twilightforest.steeleaf_sword":131,"stat.craftItem.minecraft.cooked_chicken":14,"stat.pickup.vampirism.human_heart":1,"stat.pickup.quark.variant_sapling":2,"stat.sneakTime":84879,"stat.pickup.harvestcraft.tealeafitem":1,"stat.pickup.ebwizardry.wizard_leggings_ice":1,"stat.pickup.minecraft.rabbit":2,"stat.entityKilledBy.Blaze":2,"stat.useItem.minecraft.baked_potato":4,"stat.pickup.minecraft.stone_slab":11,"stat.pickup.minecraft.yellow_flower":5,"stat.useItem.tconstruct.slime_congealed":2,"stat.pickup.minecraft.chest":7,"stat.pickup.ancientspellcraft.ancient_spellcraft_scroll":1,"stat.pickup.minecraft.bone":106,"stat.useItem.minecraft.mushroom_stew":6,"stat.pickup.minecraft.redstone_torch":2,"stat.craftItem.minecraft.stone_brick_stairs":72,"stat.useItem.minecraft.diamond_sword":49,"stat.pickup.iceandfire.deathworm_chitin":12,"stat.craftItem.tconstruct.slimesling":1,"stat.craftItem.minecraft.diamond_helmet":1,"stat.swimOneCm":40957,"stat.climbOneCm":5648,"stat.mineBlock.minecraft.spruce_stairs":34,"stat.mineBlock.quark.roots":1,"stat.mineBlock.toughasnails.temperature_coil":11,"stat.useItem.minecraft.dirt":36,"stat.useItem.minecraft.red_flower":11,"stat.drop.treasure2.copper_coin":13,"stat.pickup.treasure2.pilferers_lock_pick":2,"stat.pickup.minecraft.anvil":1,"stat.craftItem.minecraft.stone_pickaxe":2,"stat.mineBlock.minecraft.magma":100,"stat.pickup.minecraft.cobblestone":1759,"stat.pickup.minecraft.gold_block":3,"stat.useItem.mcwtrpdoors.spruce_cottage_trapdoor":5,"stat.useItem.minecraft.stone_shovel":161,"stat.pickup.minecraft.glass_bottle":8,"stat.mineBlock.quark.custom_chest":4,"stat.useItem.securitycraft.reinforced_planks":170,"stat.useItem.securitycraft.door_indestructible_iron_item":2,"stat.craftItem.minecraft.wooden_slab":84,"stat.useItem.minecraft.cooked_beef":34,"stat.pickup.minecraft.redstone":38,"stat.mineBlock.minecraft.iron_ore":21,"stat.pickup.securitycraft.keypad_item":10,"stat.drop.minecraft.log":1,"stat.pickup.minecraft.mutton":35,"stat.pickup.harvestcraft.soursopitem":2,"stat.mineBlock.ebwizardry.arcane_workbench":1,"stat.mineBlock.biomesoplenty.log_2":19,"stat.useItem.minecraft.lever":1,"stat.pickup.minecraft.stonebrick":54,"stat.drop.minecraft.dirt":5,"stat.pickup.ebwizardry.magic_crystal":12,"stat.useItem.minecraft.cooked_porkchop":100,"stat.pickup.minecraft.carpet":6,"stat.mineBlock.minecraft.nether_brick":2,"stat.mineBlock.lootr.lootr_chest":1,"stat.craftItem.tconstruct.slime_boots":1,"stat.craftItem.minecraft.stone_slab2":0,"stat.pickup.minecraft.paper":6,"stat.mineBlock.biomesoplenty.log_0":113,"stat.craftItem.minecraft.stick":32,"stat.pickup.paraglider.paraglider":1,"stat.useItem.minecraft.stone_slab":4,"stat.pickup.treasure2.charm_book":3,"stat.craftItem.minecraft.stone":254,"stat.craftItem.minecraft.gold_nugget":9,"stat.mineBlock.minecraft.crafting_table":2,"stat.useItem.minecraft.diamond_pickaxe":1701,"stat.useItem.minecraft.carrot":1,"stat.useItem.harvestcraft.turnipitem":1,"stat.pickup.minecraft.golden_horse_armor":1,"stat.pickup.botania.flower":6,"stat.mineBlock.minecraft.planks":58,"stat.drop":63,"stat.killEntity.cyclops":1,"stat.pickup.minecraft.jukebox":1,"stat.useItem.iceandfire.chared_cobblestone":6,"stat.pickup.minecraft.slime_ball":6,"stat.drop.treasure2.pilferers_lock_pick":1,"stat.craftItem.minecraft.diamond_pickaxe":1,"stat.drop.harvestcraft.riceitem":1,"stat.mineBlock.botania.doubleflower2":1,"stat.pickup.minecraft.gravel":178,"stat.pickup.quark.glass_item_frame":4,"stat.mineBlock.minecraft.anvil":1,"stat.pickup.bountifulbaubles.trinketluckyhorseshoe":1,"stat.useItem.minecraft.potion":1,"stat.pickup.minecraft.stone_brick_stairs":22,"stat.mineBlock.treasure2.milk_crate":2,"stat.pickup.minecraft.iron_helmet":2,"stat.pickup.treasure2.silver_charm":1,"stat.useItem.minecraft.stone_axe":224,"stat.pickup.minecraft.experience_bottle":2,"stat.useItem.minecraft.cooked_chicken":18,"stat.pickup.minecraft.iron_ore":26,"stat.drop.iceandfire.chared_stone":2,"stat.pickup.iceandfire.shiny_scales":9,"stat.pickup.tconstruct.slime_congealed":32,"stat.mineBlock.minecraft.iron_bars":3,"stat.craftItem.minecraft.flint_and_steel":1,"stat.pickup.treasure2.iron_key":4,"stat.pickup.quark.custom_chest":4,"stat.mineBlock.minecraft.stone_stairs":1,"stat.pickup.minecraft.leather":65,"stat.mineBlock.minecraft.furnace":8,"stat.useItem.minecraft.wooden_pickaxe":32,"stat.pickup.minecraft.prismarine_shard":4,"stat.pickup.minecraft.prismarine_crystals":9,"stat.pickup.minecraft.reeds":1,"tombstone:undead_killed":20,"stat.useItem.tombstone.grave_key":3,"stat.pickup.conarm.book":2,"stat.pickup.minecraft.oak_stairs":41,"stat.damageDealt":17038,"stat.craftItem.minecraft.glass":14,"stat.killEntity.bound_soul":9,"stat.sleepInBed":32,"stat.pickup.twilightforest.twilight_log":5,"stat.killEntity.Cow":3,"stat.killEntity.Pig":1,"stat.craftItem.minecraft.stone_shovel":1,"stat.walkOneCm":2149650,"stat.useItem.quark.custom_chest":1,"stat.pickup.minecraft.stick":279,"stat.craftItem.quark.custom_chest":2,"stat.pickup.minecraft.clay_ball":33,"stat.pickup.biomesoplenty.sapling_0":8,"stat.pickup.biomesoplenty.sapling_2":4,"stat.pickup.securitycraft.reinforced_stone_brick":86,"stat.drop.treasure2.silver_coin":8,"stat.useItem.scalinghealth.heartcontainer":1,"stat.pickup.openblocks.info_book":3,"stat.pickup.bountifulbaubles.magicmirror":1,"stat.useItem.minecraft.spruce_stairs":52,"stat.pickup.minecraft.stone":31,"stat.mineBlock.minecraft.packed_ice":10,"stat.pickup.treasure2.sockets_runestone":1,"stat.pickup.treasure2.stone_lock":1,"stat.pickup.minecraft.gold_ingot":25,"stat.pickup.biomesoplenty.log_0":105,"stat.pickup.biomesoplenty.log_2":19,"stat.killEntity.Chicken":1,"stat.useItem.biomesoplenty.planks_0":124,"stat.killEntity.Spider":2,"stat.pickup.minecraft.bread":1,"stat.mineBlock.minecraft.quartz_ore":7,"stat.pickup.minecraft.quartz":7,"stat.useItem.minecraft.golden_apple":1,"stat.pickup.tombstone.tablet_of_home":1,"stat.pickup.twilightforest.transformation_powder":8,"stat.mineBlock.minecraft.leaves":5,"stat.pickup.minecraft.spruce_stairs":113,"stat.pickup.minecraft.lava_bucket":1,"stat.pickup.immersiveengineering.blueprint":2,"stat.mineBlock.minecraft.stone":1223}