{"stat.pickup.tconstruct.book":1,"stat.pickup.minecraft.wooden_slab":2,"stat.leaveGame":22,"stat.mineBlock.ebwizardry.crystal_flower":3,"stat.pickup.toughasnails.purified_water_bottle":5,"stat.drop.treasure2.gold_coin":2,"stat.killEntity.Blaze":3,"stat.pickup.ebwizardry.spell_book":6,"stat.useItem.minecraft.planks":52,"stat.pickup.minecraft.glowstone_dust":36,"stat.pickup.minecraft.porkchop":38,"stat.drop.iceandfire.manuscript":2,"stat.drop.travelersbackpack.travelers_backpack":1,"stat.pickup.minecraft.sand":34,"stat.craftItem.minecraft.stone_axe":6,"stat.pickup.biomesoplenty.pear":3,"stat.mineBlock.minecraft.wooden_slab":2,"stat.entityKilledBy.firedragon":8,"stat.mineBlock.minecraft.sand":34,"stat.craftItem.minecraft.cooked_fish":4,"stat.pickup.quark.tallow":1,"stat.mineBlock.biomesoplenty.dirt":20,"stat.craftItem.minecraft.bed":1,"stat.furnaceInteraction":77,"stat.mineBlock.quark.slate":3,"stat.craftItem.toughasnails.temperature_coil":1,"stat.pickup.minecraft.nether_brick":2,"stat.pickup.quark.crystal":4,"stat.pickup.minecraft.beef":33,"stat.pickup.minecraft.furnace":2,"stat.useItem.minecraft.cooked_mutton":41,"stat.craftItem.paraglider.paraglider":1,"stat.pickup.tombstone.magic_scroll":1,"stat.craftItem.toughasnails.purified_water_bottle":10,"stat.craftItem.ebwizardry.magic_wand":2,"stat.useItem.minecraft.flint_and_steel":1,"stat.pickup.minecraft.saddle":1,"stat.pickup.minecraft.lever":1,"stat.deaths":14,"stat.pickup.minecraft.egg":1,"stat.playOneMinute":316789,"stat.pickup.minecraft.blaze_rod":6,"stat.pickup.minecraft.iron_bars":20,"stat.mineBlock.minecraft.tallgrass":12,"stat.craftItem.minecraft.cooked_mutton":41,"stat.pickup.minecraft.netherrack":584,"stat.chestOpened":69,"stat.pickup.harvestcraft.kaleitem":1,"stat.pickup.minecraft.pumpkin":5,"stat.mineBlock.minecraft.netherrack":582,"stat.pickup.minecraft.arrow":2,"stat.pickup.minecraft.iron_sword":1,"stat.mineBlock.minecraft.ice":7,"stat.pickup.treasure2.gold_coin":2,"stat.pickup.minecraft.gold_nugget":255,"stat.craftItem.iceandfire.earplugs":1,"stat.craftItem.biomesoplenty.planks_0":228,"stat.mineBlock.minecraft.gold_block":1,"stat.pickup.ancientspellcraft.arcane_anvil":1,"stat.fallOneCm":175895,"stat.pickup.botania.lexicon":1,"stat.drop.minecraft.dye":1,"stat.pickup.minecraft.carrot":1,"stat.pickup.treasure2.silver_coin":3,"stat.pickup.quark.slate":7,"stat.crouchOneCm":121534,"stat.craftItem.minecraft.chest":8,"stat.craftItem.minecraft.iron_ingot":1,"stat.craftingTableInteraction":38,"stat.entityKilledBy.ebwizardry:evil_wizard":1,"stat.useItem.charm.bat_bucket":1,"stat.drop.quark.tallow":4,"stat.pickup.treasure2.stone_key":1,"stat.pickup.minecraft.feather":11,"stat.craftItem.minecraft.wooden_button":2,"stat.pickup.toughasnails.temperature_coil":1,"stat.mineBlock.biomesoplenty.plant_0":4,"stat.pickup.minecraft.dye":1,"stat.pickup.minecraft.planks":14,"stat.pickup.minecraft.iron_leggings":1,"stat.useItem.biomesoplenty.fir_stairs":4,"stat.pickup.minecraft.wheat_seeds":3,"stat.mineBlock.minecraft.gravel":61,"stat.drop.biomesoplenty.persimmon":1,"stat.useItem.minecraft.stone_pickaxe":262,"stat.useItem.minecraft.stone_sword":120,"stat.pickup.treasure2.cardboard_box":1,"stat.craftItem.ebwizardry.wizard_handbook":1,"stat.mineBlock.minecraft.dirt":8,"stat.pickup.biomesoplenty.persimmon":1,"stat.pickup.toughasnails.ice_cube":4,"stat.useItem.minecraft.iron_bars":4,"stat.mineBlock.biomesoplenty.leaves_4":6,"stat.useItem.minecraft.torch":28,"stat.pickup.immersiveengineering.seed":2,"stat.useItem.minecraft.bread":8,"stat.pickup.harvestcraft.maplesyrupitem":2,"stat.pickup.minecraft.crafting_table":2,"stat.useItem.minecraft.log":37,"stat.useItem.minecraft.cobblestone":94,"stat.craftItem.minecraft.crafting_table":1,"stat.useItem.minecraft.gravel":11,"stat.mineBlock.minecraft.double_plant":1,"stat.killEntity.LavaSlime":2,"stat.pickup.minecraft.log":159,"stat.useItem.minecraft.cooked_fish":4,"stat.pickup.biomesoplenty.planks_0":20,"stat.useItem.biomesoplenty.persimmon":1,"stat.craftItem.minecraft.gold_ingot":27,"stat.drop.minecraft.sapling":1,"stat.pickup.minecraft.chicken":3,"stat.pickup.minecraft.sapling":41,"stat.craftItem.minecraft.brewing_stand":1,"stat.mineBlock.iceandfire.goldpile":44,"stat.pickup.rats.contaminated_food":1,"stat.craftItem.minecraft.planks":96,"stat.useItem.minecraft.iron_sword":6,"stat.useItem.minecraft.stonebrick":13,"stat.pickup.minecraft.book":33,"stat.mineBlock.minecraft.log":137,"stat.pickup.biomesoplenty.dirt":14,"stat.sneakTime":35970,"stat.entityKilledBy.Blaze":2,"stat.killEntity.siren":2,"stat.pickup.minecraft.stone_slab":1,"stat.pickup.minecraft.chest":1,"stat.pickup.minecraft.bone":32,"stat.mineBlock.minecraft.cobblestone":6,"stat.pickup.minecraft.flint":3,"stat.craftItem.minecraft.stone_brick_stairs":16,"stat.craftItem.tconstruct.slimesling":1,"stat.swimOneCm":20930,"stat.climbOneCm":2045,"stat.useItem.minecraft.obsidian":9,"stat.mineBlock.toughasnails.temperature_coil":1,"stat.useItem.minecraft.dirt":6,"stat.useItem.minecraft.stone_slab2":41,"stat.drop.ebwizardry.magic_wand":1,"stat.craftItem.minecraft.furnace":1,"stat.drop.treasure2.copper_coin":3,"stat.useItem.minecraft.egg":1,"stat.pickup.minecraft.anvil":1,"stat.craftItem.minecraft.stone_pickaxe":2,"stat.pickup.minecraft.cobblestone":419,"stat.pickup.minecraft.gold_block":1,"stat.useItem.minecraft.stone_shovel":68,"stat.flyOneCm":1494965,"stat.pickup.minecraft.glass_bottle":1,"stat.mineBlock.quark.custom_chest":2,"stat.pickup.mowziesmobs.glowing_jelly":2,"stat.craftItem.minecraft.wooden_slab":6,"stat.pickup.minecraft.redstone":34,"stat.mineBlock.minecraft.iron_ore":5,"stat.timeSinceDeath":38642,"stat.pickup.vampirism.vampire_book":1,"stat.useItem.minecraft.wooden_slab":6,"stat.pickup.minecraft.mutton":11,"stat.pickup.harvestcraft.soursopitem":2,"stat.pickup.ebwizardry.arcane_workbench":2,"stat.mineBlock.ebwizardry.arcane_workbench":1,"stat.mineBlock.biomesoplenty.log_2":19,"stat.craftItem.ebwizardry.magic_crystal":14,"stat.craftItem.minecraft.stonebrick":36,"stat.pickup.travelersbackpack.travelers_backpack":6,"stat.pickup.harvestcraft.riceitem":1,"stat.pickup.treasure2.diamond_charm":1,"stat.pickup.minecraft.stonebrick":2,"stat.pickup.ebwizardry.magic_crystal":12,"stat.useItem.minecraft.cooked_porkchop":62,"stat.mineBlock.minecraft.coal_ore":28,"stat.mineBlock.minecraft.nether_brick":2,"stat.mineBlock.lootr.lootr_chest":1,"stat.craftItem.ebwizardry.spell_book":1,"stat.pickup.harvestcraft.asparagusitem":1,"stat.pickup.tombstone.crafting_ingredient":3,"stat.craftItem.tconstruct.slime_boots":1,"stat.craftItem.minecraft.stone_slab2":0,"stat.useItem.minecraft.written_book":1,"stat.mineBlock.ancientspellcraft.arcane_anvil":1,"stat.killEntity.Squid":2,"stat.sprintOneCm":427891,"stat.pickup.minecraft.paper":5,"stat.mineBlock.minecraft.stone_slab":1,"stat.mineBlock.biomesoplenty.log_0":113,"stat.pickup.vampirism.cursed_earth":5,"stat.craftItem.minecraft.stick":28,"stat.mineBlock.biomesoplenty.grass":10,"stat.killEntity.ebwizardry:evil_wizard":1,"stat.useItem.minecraft.stone_slab":3,"stat.pickup.treasure2.charm_book":1,"stat.useItem.carryon.tile_item":3,"stat.craftItem.minecraft.stone":33,"stat.mineBlock.minecraft.crafting_table":2,"stat.pickup.treasure2.milk_crate":1,"stat.useItem.minecraft.diamond_pickaxe":774,"stat.mineBlock.minecraft.planks":4,"stat.drop":18,"stat.drop.tombstone.grave_key":1,"stat.pickup.tombstone.grave_key":1,"stat.pickup.minecraft.fire_charge":2,"stat.mineBlock.minecraft.gold_ore":3,"stat.diveOneCm":29493,"stat.craftItem.minecraft.slime_ball":4,"stat.drop.harvestcraft.riceitem":1,"stat.mineBlock.botania.doubleflower2":1,"stat.pickup.minecraft.gravel":59,"stat.craftItem.minecraft.cooked_porkchop":62,"stat.pickup.quark.glass_item_frame":1,"stat.mineBlock.minecraft.anvil":1,"stat.pickup.minecraft.obsidian":6,"stat.jump":3958,"stat.useItem.minecraft.sand":5,"stat.pickup.minecraft.coal":58,"stat.mineBlock.treasure2.milk_crate":2,"stat.killEntity.blazing_creeper":1,"stat.craftItem.minecraft.lever":1,"stat.useItem.minecraft.stone_axe":71,"stat.craftItem.minecraft.torch":8,"stat.pickup.minecraft.dirt":11,"stat.pickup.minecraft.experience_bottle":2,"stat.pickup.minecraft.iron_ore":5,"stat.pickup.iceandfire.shiny_scales":9,"stat.pickup.tconstruct.slime_congealed":16,"stat.mineBlock.minecraft.iron_bars":3,"stat.pickup.minecraft.gold_ore":3,"stat.craftItem.minecraft.flint_and_steel":1,"stat.pickup.treasure2.iron_key":2,"stat.pickup.quark.custom_chest":2,"stat.mineBlock.biomesoplenty.willow_vine":1,"stat.damageTaken":7604,"stat.pickup.minecraft.leather":23,"stat.mineBlock.minecraft.torch":7,"stat.mineBlock.minecraft.furnace":2,"stat.mineBlock.treasure2.cardboard_box":1,"stat.useItem.minecraft.wooden_pickaxe":32,"stat.pickup.minecraft.prismarine_shard":4,"stat.tradedWithVillager":2,"stat.pickup.ebwizardry.crystal_flower":4,"stat.pickup.minecraft.prismarine_crystals":9,"stat.pickup.minecraft.reeds":1,"stat.pickup.minecraft.bed":1,"tombstone:undead_killed":2,"stat.useItem.tombstone.grave_key":1,"stat.pickup.conarm.book":1,"stat.pickup.ancientspellcraft.crystal_shard_fire":1,"stat.damageDealt":3530,"stat.craftItem.minecraft.glass":14,"stat.killEntity.bound_soul":1,"stat.sleepInBed":10,"stat.killEntity.Cow":2,"stat.useItem.biomesoplenty.log_2":1,"stat.craftItem.minecraft.stone_slab":6,"stat.craftItem.minecraft.stone_shovel":1,"stat.walkOneCm":738275,"stat.useItem.quark.custom_chest":1,"stat.useItem.minecraft.chest":6,"stat.pickup.minecraft.diamond_pickaxe":1,"stat.craftItem.quark.custom_chest":2,"stat.pickup.harvestcraft.greengrapeitem":1,"stat.pickup.biomesoplenty.sapling_0":8,"stat.pickup.biomesoplenty.sapling_2":4,"stat.useItem.minecraft.lava_bucket":1,"stat.craftItem.biomesoplenty.fir_stairs":8,"stat.drop.treasure2.silver_coin":3,"stat.mineBlock.biomesoplenty.planks_0":10,"stat.pickup.openblocks.info_book":3,"stat.pickup.bountifulbaubles.magicmirror":1,"stat.useItem.minecraft.spruce_stairs":11,"stat.mineBlock.minecraft.packed_ice":10,"stat.pickup.treasure2.sockets_runestone":1,"stat.pickup.treasure2.stone_lock":1,"stat.pickup.minecraft.gold_ingot":17,"stat.useItem.minecraft.netherrack":58,"stat.pickup.biomesoplenty.log_0":105,"stat.mineBlock.minecraft.stonebrick":2,"stat.pickup.biomesoplenty.log_2":19,"stat.useItem.biomesoplenty.planks_0":118,"stat.pickup.minecraft.bread":1,"stat.mineBlock.minecraft.quartz_ore":7,"stat.mineBlock.minecraft.glowstone":12,"stat.mobKills":14,"stat.mineBlock.minecraft.bookshelf":11,"stat.pickup.minecraft.quartz":7,"stat.drop.minecraft.written_book":1,"stat.mineBlock.minecraft.leaves":3,"stat.pickup.minecraft.beetroot_seeds":4,"stat.pickup.minecraft.torch":27,"stat.pickup.minecraft.spruce_stairs":1,"stat.pickup.minecraft.lava_bucket":1,"stat.craftItem.minecraft.spruce_stairs":16,"stat.mineBlock.minecraft.stone":384}