{"stat.pickup.tconstruct.book":1,"stat.pickup.harvestcraft.kaleitem":1,"stat.mineBlock.minecraft.mossy_cobblestone":3,"stat.drop.minecraft.waterlily":1,"stat.pickup.immersiveengineering.ore":2,"stat.drop.harvestcraft.riceitem":1,"stat.pickup.minecraft.bone":50,"stat.drop.minecraft.wooden_pickaxe":1,"stat.useItem.minecraft.iron_axe":26,"stat.leaveGame":3,"stat.pickup.minecraft.waterlily":2,"stat.useItem.minecraft.glass_bottle":9,"stat.pickup.toughasnails.purified_water_bottle":1,"stat.craftItem.minecraft.cooked_porkchop":31,"stat.mineBlock.thaumcraft.ore_quartz":2,"stat.pickup.harvestcraft.waterchestnutitem":6,"stat.pickup.minecraft.wooden_pressure_plate":16,"stat.mineBlock.iceandfire.chared_stone":3,"stat.craftItem.minecraft.iron_axe":1,"stat.mineBlock.minecraft.deadbush":1,"stat.mineBlock.minecraft.brown_mushroom":4,"stat.killEntity.vampirism.vampire":1,"stat.craftItem.biomesoplenty.planks_0":16,"stat.drop.harvestcraft.seaweeditem":1,"stat.killEntity.vampirism.ghost":1,"stat.jump":1127,"stat.swimOneCm":11799,"stat.pickup.minecraft.coal":89,"stat.climbOneCm":163,"stat.fallOneCm":32337,"stat.useItem.minecraft.planks":2,"stat.pickup.minecraft.iron_ingot":3,"stat.craftItem.minecraft.shield":1,"stat.mineBlock.thaumcraft.ore_amber":1,"stat.useItem.minecraft.stone_axe":67,"stat.mineBlock.immersiveengineering.ore":1,"stat.pickup.minecraft.porkchop":206,"stat.pickup.iceandfire.chared_stone":3,"stat.crouchOneCm":848,"stat.mineBlock.harvestcraft.shadedgarden":1,"stat.pickup.harvestcraft.okraitem":3,"stat.craftItem.minecraft.torch":16,"stat.craftItem.minecraft.iron_ingot":20,"stat.useItem.minecraft.dirt":7,"stat.pickup.minecraft.dirt":9,"stat.useItem.minecraft.stone_slab2":23,"stat.pickup.harvestcraft.seaweeditem":1,"stat.useItem.minecraft.water_bucket":4,"stat.craftingTableInteraction":30,"stat.pickup.minecraft.iron_ore":56,"stat.drop.iceandfire.chared_grass":1,"stat.pickup.minecraft.sand":3,"stat.craftItem.minecraft.furnace":3,"stat.mineBlock.minecraft.wooden_pressure_plate":16,"stat.pickup.minecraft.gold_ore":2,"stat.craftItem.minecraft.stone_axe":1,"stat.pickup.minecraft.wooden_pickaxe":1,"stat.pickup.harvestcraft.sweetpotatoitem":1,"stat.damageTaken":1835,"stat.craftItem.minecraft.stone_pickaxe":1,"stat.mineBlock.minecraft.furnace":5,"stat.mineBlock.minecraft.torch":3,"stat.useItem.minecraft.wooden_pickaxe":9,"stat.useItem.minecraft.furnace":3,"stat.pickup.minecraft.cobblestone":40,"stat.pickup.harvestcraft.blueberryitem":1,"stat.pickup.harvestcraft.jicamaitem":2,"stat.pickup.minecraft.planks":41,"stat.flyOneCm":183923,"stat.craftItem.minecraft.glass_bottle":3,"stat.pickup.minecraft.bed":3,"stat.pickup.minecraft.glass_bottle":1,"tombstone:undead_killed":2,"stat.entityKilledBy.firedragon":4,"stat.pickup.minecraft.brown_mushroom":3,"stat.mineBlock.minecraft.sand":3,"stat.useItem.minecraft.stone_pickaxe":89,"stat.pickup.treasure2.gravestone3_obsidian":1,"stat.pickup.quark.tallow":21,"stat.damageDealt":3363,"stat.craftItem.minecraft.glass":3,"stat.pickup.iceandfire.chared_grass":1,"stat.mineBlock.minecraft.iron_ore":50,"stat.sleepInBed":4,"stat.timeSinceDeath":25789,"stat.mineBlock.minecraft.dirt":9,"stat.drop.minecraft.log":2,"stat.useItem.minecraft.iron_pickaxe":128,"stat.craftItem.minecraft.wooden_pickaxe":1,"stat.killEntity.Pig":11,"stat.mineBlock.iceandfire.chared_dirt":1,"stat.pickup.minecraft.mutton":127,"stat.pickup.minecraft.mossy_cobblestone":3,"stat.mineBlock.biomesoplenty.log_2":4,"stat.walkOneCm":99136,"stat.craftItem.minecraft.bed":1,"stat.useItem.minecraft.torch":19,"stat.drop.harvestcraft.waterchestnutitem":3,"stat.pickup.travelersbackpack.travelers_backpack":2,"stat.pickup.harvestcraft.riceitem":1,"stat.drop.thaumcraft.vishroom":1,"stat.pickup.minecraft.crafting_table":3,"stat.pickup.harvestcraft.greengrapeitem":1,"stat.useItem.minecraft.cobblestone":1,"stat.pickup.minecraft.stonebrick":2,"stat.craftItem.minecraft.crafting_table":2,"stat.furnaceInteraction":56,"stat.pickup.ebwizardry.magic_crystal":5,"stat.useItem.minecraft.cooked_porkchop":6,"stat.drop.harvestcraft.jicamaitem":1,"stat.mineBlock.minecraft.coal_ore":67,"stat.entityKilledBy.ancientspellcraft:skeleton_mage":1,"stat.pickup.minecraft.log":20,"stat.useItem.harvestcraft.sweetpotatoitem":1,"stat.useItem.scalinghealth.heartcontainer":1,"stat.drop.minecraft.stonebrick":2,"stat.drop.iceandfire.chared_dirt":1,"stat.pickup.ebwizardry.arcane_tome":2,"stat.pickup.harvestcraft.asparagusitem":1,"stat.pickup.minecraft.furnace":6,"stat.pickup.minecraft.tnt":1,"stat.mineBlock.thaumcraft.crystal_terra":1,"stat.pickup.harvestcraft.spiceleafitem":6,"stat.pickup.harvestcraft.brusselsproutitem":4,"stat.craftItem.minecraft.stone_slab2":0,"stat.pickup.harvestcraft.mulberryitem":1,"stat.pickup.scalinghealth.heartcontainer":1,"stat.pickup.harvestcraft.zucchiniitem":2,"stat.pickup.minecraft.sapling":7,"stat.pickup.thaumcraft.vishroom":1,"stat.sprintOneCm":75044,"stat.mineBlock.thaumcraft.crystal_ignis":8,"stat.craftItem.minecraft.stick":16,"stat.drop.thaumcraft.nugget":2,"stat.killEntity.ebwizardry:evil_wizard":1,"stat.killEntity.ancientspellcraft:skeleton_mage":1,"stat.mineBlock.thaumcraft.vishroom":1,"stat.mineBlock.minecraft.tnt":1,"stat.craftItem.minecraft.bucket":1,"stat.mineBlock.minecraft.stonebrick":9,"stat.pickup.biomesoplenty.log_2":4,"stat.craftItem.minecraft.planks":52,"stat.craftItem.toughasnails.purified_water_bottle":9,"stat.pickup.thaumcraft.crystal_essence":86,"stat.mineBlock.thaumcraft.crystal_ordo":4,"stat.mineBlock.minecraft.crafting_table":3,"stat.pickup.thaumcraft.nugget":2,"stat.drop.ebwizardry.arcane_tome":1,"stat.drop.harvestcraft.blueberryitem":1,"stat.mobKills":22,"stat.mineBlock.minecraft.log":13,"stat.pickup.minecraft.quartz":2,"stat.deaths":6,"stat.drop":18,"stat.mineBlock.minecraft.leaves":3,"stat.mineBlock.thaumcraft.crystal_aqua":3,"stat.playOneMinute":49383,"stat.pickup.minecraft.torch":4,"stat.killEntity.Sheep":5,"stat.pickup.minecraft.red_flower":1,"stat.pickup.thaumcraft.amber":1,"stat.sneakTime":1467,"stat.craftItem.minecraft.iron_pickaxe":1,"stat.pickup.minecraft.wool":5,"stat.mineBlock.treasure2.gravestone3_spawner_obsidian":1,"stat.mineBlock.thaumcraft.crystal_perditio":9,"stat.mineBlock.harvestcraft.soggygarden":8,"stat.pickup.iceandfire.chared_dirt":2,"stat.drop.minecraft.glass_bottle":1,"stat.mineBlock.minecraft.stone":40,"stat.mineBlock.minecraft.gold_ore":2,"stat.mineBlock.minecraft.tallgrass":8,"stat.diveOneCm":6921,"stat.pickup.minecraft.cooked_mutton":17,"stat.pickup.harvestcraft.cottonitem":2}