{"stat.useItem.minecraft.bow":78,"stat.pickup.iceandfire.fire_dragon_flesh":1,"stat.pickup.toughasnails.purified_water_bottle":4,"stat.killEntity.vampirism.vampire":1,"stat.pickup.ebwizardry.spell_book":2,"stat.pickup.tconstruct.faucet":1,"stat.mineBlock.minecraft.web":1,"stat.pickup.quark.ancient_tome":1,"stat.craftItem.harvestcraft.royaljellyitem":1,"stat.pickup.harvestcraft.seaweeditem":1,"stat.pickup.minecraft.rotten_flesh":51,"stat.craftItem.minecraft.stone_axe":2,"stat.pickup.minecraft.bucket":2,"stat.craftItem.minecraft.iron_shovel":2,"stat.pickup.biomesoplenty.mushroom":9,"stat.pickup.minecraft.brown_mushroom":4,"stat.pickup.treasure2.copper_charm":1,"stat.pickup.quark.tallow":33,"stat.useItem.minecraft.iron_pickaxe":364,"stat.craftItem.minecraft.glass_pane":32,"stat.furnaceInteraction":465,"stat.pickup.harvestcraft.cornitem":1,"stat.pickup.iceandfire.frozen_splinters":4,"stat.pickup.harvestcraft.brusselsproutitem":4,"stat.pickup.minecraft.hay_block":2,"stat.pickup.treasure2.ember_lock":1,"stat.craftItem.toughasnails.purified_water_bottle":76,"stat.useItem.minecraft.flint_and_steel":64,"stat.mineBlock.minecraft.fence":2,"stat.mineBlock.minecraft.sea_lantern":1,"stat.pickup.minecraft.emerald":14,"stat.craftItem.securitycraft.laser_block":3,"stat.mineBlock.quark.crystal":4,"stat.pickup.ebwizardry.cooldown_upgrade":1,"stat.craftItem.minecraft.dark_oak_boat":1,"stat.deaths":66,"stat.pickup.minecraft.egg":16,"stat.drop.securitycraft.keypad_item":10,"stat.craftItem.minecraft.iron_pickaxe":2,"stat.craftItem.minecraft.cooked_mutton":10,"stat.pickup.bountifulbaubles.potionwormhole":3,"stat.pickup.minecraft.cooked_mutton":17,"stat.chestOpened":533,"stat.pickup.botania.mushroom":4,"stat.pickup.minecraft.iron_sword":1,"stat.useItem.iceandfire.pixie_dust":2,"stat.pickup.harvestcraft.waterchestnutitem":6,"stat.pickup.minecraft.gold_nugget":134,"stat.mineBlock.botania.mushroom":3,"stat.killEntity.vampirism.ghost":1,"stat.pickup.iceandfire.silver_nugget":189,"stat.pickup.minecraft.carrot":1,"stat.pickup.treasure2.silver_coin":3,"stat.useItem.minecraft.rabbit":1,"stat.crouchOneCm":59159,"stat.craftItem.minecraft.iron_ingot":171,"stat.craftingTableInteraction":120,"stat.mineBlock.minecraft.wooden_pressure_plate":16,"stat.drop.quark.tallow":6,"stat.pickup.treasure2.crate_chest_moldy":1,"stat.craftItem.tconstruct.pattern":5,"stat.pickup.minecraft.wooden_pickaxe":1,"stat.mineBlock.minecraft.log2":7,"stat.mineBlock.biomesoplenty.plant_1":6,"stat.mineBlock.biomesoplenty.plant_0":29,"stat.pickup.minecraft.dye":14,"stat.pickup.minecraft.planks":430,"stat.pickup.biomesoplenty.plant_1":18,"stat.mineBlock.biomesoplenty.gem_ore":2,"stat.drop.minecraft.carpet":1,"stat.pickup.openblocks.technicolor_glasses":2,"stat.mineBlock.biomesoplenty.leaves_4":1,"stat.mineBlock.treasure2.gravestone2_spawner_cobblestone":1,"stat.mineBlock.biomesoplenty.leaves_3":2,"stat.mineBlock.biomesoplenty.leaves_2":4,"stat.mineBlock.biomesoplenty.leaves_1":8,"stat.pickup.harvestcraft.maplesyrupitem":4,"stat.drop.minecraft.rotten_flesh":6,"stat.useItem.harvestcraft.sweetpotatoitem":1,"stat.pickup.securitycraft.reinforced_stone":60,"stat.useItem.minecraft.yellow_flower":1,"stat.drop.minecraft.sapling":29,"stat.pickup.minecraft.chicken":22,"stat.craftItem.minecraft.bucket":2,"stat.pickup.biomesoplenty.bramble_plant":9,"stat.craftItem.minecraft.planks":460,"stat.mineBlock.vampirism.fire_place":1,"stat.useItem.minecraft.iron_sword":89,"stat.pickup.biomesoplenty.berries":1,"stat.pickup.minecraft.stone_sword":1,"stat.pickup.minecraft.book":87,"stat.useItem.minecraft.stonebrick":29,"stat.useItem.carryon.entity_item":15,"stat.useItem.biomesoplenty.dirt":3,"stat.killEntity.siren":1,"stat.drop.scalinghealth.heartcontainer":1,"stat.pickup.minecraft.lingering_potion":1,"stat.killEntity.ancientspellcraft:class_wizard":1,"stat.mineBlock.minecraft.cobblestone":55,"stat.mineBlock.minecraft.pumpkin":5,"stat.pickup.minecraft.stone_pickaxe":1,"stat.pickup.minecraft.flint":23,"stat.pickup.minecraft.leather_chestplate":3,"stat.drop.minecraft.cobblestone":11,"stat.useItem.minecraft.stone_slab2":309,"stat.pickup.minecraft.iron_boots":1,"stat.craftItem.minecraft.furnace":3,"stat.craftItem.biomesoplenty.mud":2,"stat.pickup.quark.black_ash":2,"stat.pickup.harvestcraft.jicamaitem":2,"stat.mineBlock.minecraft.clay":6,"stat.useItem.biomesoplenty.mudball":23,"stat.pickup.ancientspellcraft.amnesia_scroll":1,"stat.pickup.twilightforest.twilight_sapling":1,"stat.drop.harvestcraft.waterchestnutitem":3,"stat.craftItem.minecraft.stonebrick":36,"stat.drop.chiselsandbits.chiseled_rock":3,"stat.drop.minecraft.wool":1,"stat.entityKilledBy.ancientspellcraft:skeleton_mage":1,"stat.pickup.tombstone.crafting_ingredient":10,"stat.entityKilledBy.Skeleton":2,"stat.useItem.vampirism.vampire_book":4,"stat.drop.minecraft.obsidian":5,"stat.drop.minecraft.oak_stairs":6,"stat.sprintOneCm":1758581,"stat.mineBlock.biomesoplenty.flower_1":1,"stat.mineBlock.biomesoplenty.flower_0":5,"stat.mineBlock.biomesoplenty.grass":106,"stat.useItem.carryon.tile_item":12,"stat.useItem.minecraft.snowball":30,"stat.waystones:waystonesActivated":2,"stat.entityKilledBy.wood_mimic":2,"stat.pickup.ebwizardry.ruined_spell_book":3,"stat.drop.tombstone.grave_key":1,"stat.pickup.tombstone.grave_key":2,"stat.killEntity.Zombie":41,"stat.craftItem.minecraft.dye":30,"stat.mineBlock.minecraft.gold_ore":16,"stat.drop.minecraft.diamond_pickaxe":1,"stat.pickup.minecraft.wheat":75,"stat.mineBlock.minecraft.mossy_cobblestone":3,"stat.craftItem.minecraft.cooked_porkchop":127,"stat.craftItem.tombstone.decorative_grave_simple":2,"stat.pickup.minecraft.obsidian":60,"stat.pickup.minecraft.coal":559,"stat.pickup.minecraft.iron_ingot":76,"stat.useItem.minecraft.dark_oak_boat":1,"stat.pickup.minecraft.gunpowder":7,"stat.pickup.iceandfire.chared_stone":15,"stat.mineBlock.treasure2.gold_strongbox":2,"stat.pickup.minecraft.dirt":119,"stat.pickup.iceandfire.fire_dragon_heart":1,"stat.mineBlock.minecraft.lapis_ore":3,"tombstone:sneak_grave":4,"stat.brewingstandInteraction":9,"stat.mineBlock.minecraft.torch":37,"stat.mineBlock.minecraft.red_flower":12,"stat.pickup.minecraft.written_book":1,"stat.drop.openblocks.technicolor_glasses":1,"stat.mineBlock.harvestcraft.pamplum":1,"stat.drop.biomesoplenty.plant_1":7,"stat.pickup.minecraft.rabbit_hide":1,"stat.pickup.treasure2.gold_strongbox":2,"stat.drop.minecraft.wheat":3,"stat.pickup.harvestcraft.greengrapeitem":1,"stat.useItem.minecraft.lava_bucket":23,"stat.useItem.minecraft.gold_ore":1,"stat.pickup.minecraft.rabbit_foot":4,"stat.pickup.bountifulbaubles.potionrecall":3,"stat.drop.botania.blacklotus":1,"stat.useItem.tombstone.gift":4,"stat.pickup.harvestcraft.spiceleafitem":6,"stat.pickup.scalinghealth.heartcontainer":3,"stat.entityKilledBy.quark:foxhound":1,"stat.pickup.biomesoplenty.gem":4,"stat.drop.harvestcraft.blueberryitem":1,"stat.mobKills":174,"stat.mineBlock.minecraft.bookshelf":29,"stat.useItem.minecraft.boat":2,"stat.pickup.minecraft.diamond":9,"stat.drop.biomesoplenty.dirt":1,"stat.drop.minecraft.mutton":1,"stat.mineBlock.ebwizardry.crystal_flower":5,"stat.useItem.minecraft.bookshelf":30,"stat.pickup.treasure2.viking_chest":2,"stat.pickup.charm.record_hal1":8,"stat.useItem.minecraft.soul_sand":168,"stat.drop.quark.glass_shards":11,"stat.pickup.treasure2.falling_grass":1,"stat.mineBlock.immersiveengineering.ore":1,"stat.craftItem.iceandfire.jar_empty":1,"stat.pickup.harvestcraft.sweetpotatoitem":2,"stat.mineBlock.treasure2.crate_chest_moldy":1,"stat.craftItem.tconstruct.casting":2,"stat.mineBlock.twilightforest.twilight_log":9,"stat.pickup.ebwizardry.spectral_dust":12,"stat.mineBlock.minecraft.sand":109,"stat.killEntity.twilightforest.kobold":4,"stat.pickup.treasure2.iron_lock":1,"stat.useItem.minecraft.fence_gate":1,"stat.drop.minecraft.diamond":1,"stat.trappedChestTriggered":9,"stat.pickup.quark.crystal":4,"stat.useItem.minecraft.cooked_mutton":7,"stat.craftItem.travelersbackpack.travelers_backpack":1,"stat.drop.biomesoplenty.planks_0":2,"stat.pickup.totemexpansion.totem_head_recalling":1,"stat.killEntity.Horse":1,"stat.mineBlock.treasure2.gravestone2_polished_andesite":1,"stat.craftItem.minecraft.fence_gate":2,"stat.mineBlock.minecraft.soul_sand":228,"stat.mineBlock.treasure2.gravestone3_spawner_obsidian":2,"stat.craftItem.securitycraft.keypad_item":6,"stat.pickup.minecraft.netherrack":962,"stat.pickup.harvestcraft.cottonitem":2,"stat.pickup.harvestcraft.kaleitem":1,"stat.pickup.minecraft.pumpkin":5,"stat.recordPlayed":8,"stat.pickup.tconstruct.casting":4,"stat.pickup.minecraft.waterlily":8,"stat.mineBlock.minecraft.ice":8,"stat.useItem.minecraft.packed_ice":1,"stat.craftItem.biomesoplenty.planks_0":224,"stat.craftItem.tombstone.dark_marble":6,"stat.useItem.minecraft.trapped_chest":1,"stat.drop.iceandfire.frost_lily":2,"stat.mineBlock.treasure2.safe":1,"stat.drop.minecraft.bone":2,"stat.craftItem.minecraft.wooden_button":1,"stat.useItem.minecraft.furnace":9,"stat.craftItem.tconstruct.materials":18,"stat.pickup.minecraft.iron_leggings":2,"stat.mineBlock.minecraft.snow":6,"stat.mineBlock.minecraft.gravel":273,"stat.useItem.minecraft.wool":2,"stat.drop.minecraft.reeds":3,"stat.useItem.minecraft.torch":131,"stat.pickup.minecraft.iron_nugget":23,"stat.drop.botania.flower":1,"stat.craftItem.minecraft.redstone_block":3,"stat.pickup.minecraft.crafting_table":5,"stat.useItem.minecraft.log":10,"stat.craftItem.minecraft.crafting_table":8,"stat.drop.iceandfire.stymphalian_bird_feather":4,"stat.craftItem.minecraft.boat":2,"stat.pickup.minecraft.iron_hoe":1,"stat.mineBlock.ebwizardry.crystal_ore":2,"stat.mineBlock.minecraft.emerald_ore":3,"stat.useItem.minecraft.cooked_fish":2,"stat.drop.minecraft.stonebrick":2,"stat.drop.minecraft.planks":10,"stat.pickup.minecraft.web":3,"stat.pickup.minecraft.sapling":75,"stat.pickup.harvestcraft.parsnipitem":1,"stat.mineBlock.iceandfire.goldpile":26,"stat.killEntity.WitherSkeleton":1,"stat.pickup.treasure2.wood_key":2,"stat.pickup.harvestcraft.juteitem":1,"stat.pickup.minecraft.rabbit":1,"stat.useItem.minecraft.baked_potato":38,"stat.drop.ebwizardry.cooldown_upgrade":1,"stat.pickup.minecraft.stone_slab":1,"stat.pickup.minecraft.yellow_flower":11,"stat.pickup.minecraft.bone":311,"stat.pickup.minecraft.redstone_torch":1,"stat.entityKilledBy.ancientspellcraft:class_wizard":1,"stat.mineBlock.minecraft.brown_mushroom":4,"stat.useItem.minecraft.diamond_sword":61,"stat.climbOneCm":9198,"stat.mineBlock.quark.roots":1,"stat.pickup.harvestcraft.okraitem":3,"stat.useItem.minecraft.red_flower":1,"stat.pickup.twilightforest.steeleaf_chestplate":1,"stat.pickup.charm.record_creative2":1,"stat.pickup.treasure2.pilferers_lock_pick":7,"stat.craftItem.minecraft.stone_pickaxe":1,"stat.drop.treasure2.gravestone3_obsidian":1,"stat.pickup.minecraft.cobblestone":885,"stat.craftItem.minecraft.glass_bottle":39,"stat.pickup.minecraft.soul_sand":320,"stat.useItem.minecraft.cooked_beef":90,"stat.pickup.minecraft.redstone":43,"stat.mineBlock.minecraft.iron_ore":162,"stat.craftItem.minecraft.book":6,"stat.pickup.securitycraft.keypad_item":4,"stat.pickup.minecraft.mossy_cobblestone":3,"stat.drop.harvestcraft.maplesyrupitem":2,"stat.drop.minecraft.dirt":12,"stat.useItem.minecraft.cooked_porkchop":136,"stat.pickup.minecraft.iron_shovel":1,"stat.pickup.minecraft.carpet":15,"stat.pickup.ebwizardry.smoke_bomb":2,"stat.craftItem.tconstruct.soil":18,"stat.pickup.minecraft.paper":9,"stat.craftItem.minecraft.stick":84,"stat.craftItem.minecraft.gold_nugget":9,"stat.pickup.treasure2.crate_chest":2,"stat.pickup.botania.flower":18,"stat.mineBlock.minecraft.planks":50,"stat.drop":199,"stat.pickup.minecraft.jukebox":1,"stat.killEntity.Sheep":40,"stat.pickup.harvestcraft.garlicitem":1,"stat.killEntity.Slime":5,"stat.useItem.minecraft.apple":11,"stat.mineBlock.minecraft.deadbush":1,"stat.useItem.minecraft.porkchop":15,"stat.useItem.minecraft.potion":2,"stat.craftItem.travelersbackpack.backpack_tank":2,"stat.pickup.minecraft.fence":1,"stat.pickup.treasure2.silver_charm":1,"stat.useItem.minecraft.stone_axe":155,"stat.mineBlock.harvestcraft.shadedgarden":1,"stat.drop.biomesoplenty.mushroom":6,"stat.craftItem.minecraft.iron_helmet":1,"stat.drop.iceandfire.chared_stone":5,"stat.boatOneCm":88623,"stat.craftItem.minecraft.flint_and_steel":2,"stat.mineBlock.tconstruct.tooltables":4,"stat.drop.vampirism.holy_salt":1,"stat.craftItem.minecraft.iron_bars":16,"stat.mineBlock.minecraft.furnace":19,"stat.mineBlock.iceandfire.chared_cobblestone":1,"stat.useItem.tombstone.grave_key":21,"stat.pickup.minecraft.oak_stairs":15,"stat.damageDealt":55162,"stat.craftItem.minecraft.bowl":4,"stat.mineBlock.iceandfire.chared_dirt":1,"stat.pickup.treasure2.gravestone2_cobblestone":1,"stat.pickup.minecraft.stick":76,"stat.pickup.biomesoplenty.sapling_0":1,"stat.pickup.biomesoplenty.sapling_1":1,"stat.drop.treasure2.silver_coin":1,"stat.drop.minecraft.leather_chestplate":1,"stat.useItem.treasure2.iron_key":1,"stat.pickup.biomesoplenty.mudball":35,"stat.pickup.harvestcraft.zucchiniitem":2,"stat.pickup.minecraft.air":0,"stat.killEntity.Chicken":6,"stat.mineBlock.minecraft.quartz_ore":9,"stat.useItem.minecraft.golden_apple":2,"stat.mineBlock.minecraft.leaves":81,"stat.mineBlock.minecraft.bone_block":2,"stat.mineBlock.quark.roots_white_flower":3,"stat.mineBlock.treasure2.pirate_chest":3,"stat.leaveGame":30,"stat.mineBlock.iceandfire.jar_pixie":1,"stat.mineBlock.minecraft.sandstone":2,"stat.craftItem.minecraft.shield":2,"stat.drop.ebwizardry.novice_sorcery_wand":1,"stat.drop.iceandfire.manuscript":1,"stat.entityKilledBy.twilightforest.kobold":2,"stat.pickup.minecraft.brick_block":2,"stat.pickup.iceandfire.witherbone":2,"stat.pickup.iceandfire.chared_cobblestone":4,"stat.pickup.minecraft.leather_boots":1,"stat.pickup.treasure2.gravestone3_obsidian":2,"stat.drop.quark.slate":4,"stat.craftItem.iceandfire.silver_ingot":14,"stat.craftItem.minecraft.wooden_pickaxe":1,"stat.craftItem.minecraft.iron_door":3,"stat.useItem.minecraft.iron_shovel":472,"stat.pickup.harvestcraft.rhubarbitem":2,"stat.craftItem.chiselsandbits.chisel_diamond":1,"stat.craftItem.minecraft.bed":1,"stat.mineBlock.minecraft.vine":1,"stat.drop.minecraft.gravel":1,"stat.pickup.harvestcraft.cherryitem":2,"stat.mineBlock.botania.flower":22,"stat.mineBlock.quark.slate":37,"stat.drop.minecraft.red_flower":3,"stat.pickup.iceandfire.manuscript":4,"stat.drop.securitycraft.door_indestructible_iron_item":1,"stat.pickup.ebwizardry.arcane_tome":4,"stat.pickup.minecraft.beef":146,"stat.pickup.minecraft.leather_helmet":1,"stat.pickup.biomesoplenty.flower_1":3,"stat.pickup.biomesoplenty.flower_0":6,"stat.pickup.minecraft.potion":27,"stat.pickup.treasure2.dread_pirate_chest":1,"stat.pickup.securitycraft.universal_block_reinforcer_lvl1":4,"stat.useItem.minecraft.beef":56,"stat.entityKilledBy.puff_creeper":1,"stat.drop.minecraft.glass_bottle":5,"stat.mineBlock.minecraft.tallgrass":17,"stat.drop.toughasnails.purified_water_bottle":3,"stat.useItem.minecraft.stone":4,"stat.pickup.minecraft.arrow":70,"stat.pickup.minecraft.wooden_pressure_plate":16,"stat.pickup.ancientspellcraft.arcane_anvil":1,"stat.pickup.treasure2.sapphire_lock":2,"stat.mineBlock.minecraft.chest":19,"stat.useItem.quark.root_flower":2,"stat.useItem.biomesoplenty.plant_1":2,"stat.mineBlock.biomesoplenty.mud":10,"stat.useItem.minecraft.reeds":2,"stat.pickup.minecraft.wheat_seeds":46,"stat.mineBlock.minecraft.glass":2,"stat.mineBlock.minecraft.dirt":112,"stat.pickup.toughasnails.ice_cube":2,"stat.pickup.immersiveengineering.seed":3,"stat.useItem.minecraft.bread":31,"stat.useItem.minecraft.cobblestone":210,"stat.useItem.minecraft.gravel":163,"stat.pickup.minecraft.iron_pickaxe":2,"stat.drop.minecraft.carrot":2,"stat.craftItem.minecraft.gold_ingot":21,"stat.pickup.minecraft.apple":12,"stat.drop.twilightforest.steeleaf_ingot":3,"stat.craftItem.securitycraft.door_indestructible_iron_item":3,"stat.pickup.rats.contaminated_food":5,"stat.drop.biomesoplenty.flower_0":1,"stat.drop.ebwizardry.arcane_tome":1,"stat.drop.biomesoplenty.flower_1":2,"stat.mineBlock.minecraft.log":731,"stat.pickup.treasure2.emerald_lock":1,"stat.pickup.iceandfire.dragonbone":16,"stat.pickup.biomesoplenty.dirt":50,"stat.pickup.minecraft.red_flower":21,"stat.pickup.minecraft.wool":40,"stat.pickup.minecraft.trapped_chest":2,"stat.cakeSlicesEaten":1,"stat.useItem.minecraft.iron_axe":621,"stat.mineBlock.iceandfire.chared_stone":4,"stat.mineBlock.minecraft.yellow_flower":10,"stat.craftItem.tombstone.grave_key":1,"stat.useItem.minecraft.skull":2,"stat.craftItem.minecraft.wool":2,"stat.pickup.vampirism.fire_place":1,"stat.pickup.minecraft.enchanted_book":5,"stat.drop.quark.ancient_tome":1,"stat.craftItem.minecraft.arrow":100,"stat.useItem.minecraft.obsidian":11,"stat.pickup.minecraft.bow":1,"stat.pickup.treasure2.gravestone2_polished_andesite":1,"stat.useItem.minecraft.egg":4,"stat.pickup.treasure2.eye_patch":2,"stat.pickup.iceandfire.chain_link":1,"stat.craftItem.minecraft.cooked_beef":90,"stat.mineBlock.minecraft.obsidian":61,"stat.pickup.minecraft.iron_trapdoor":1,"stat.craftItem.minecraft.bow":1,"stat.flyOneCm":5227167,"stat.pickup.minecraft.sandstone":1,"stat.timeSinceDeath":779,"stat.cauldronFilled":1,"stat.pickup.harvestcraft.whitemushroomitem":1,"stat.pickup.travelersbackpack.travelers_backpack":41,"stat.pickup.harvestcraft.riceitem":1,"stat.pickup.harvestcraft.beanitem":1,"stat.pickup.ebwizardry.firebomb":1,"stat.mineBlock.minecraft.enchanting_table":2,"stat.mineBlock.minecraft.coal_ore":231,"stat.talkedToVillager":11,"stat.pickup.minecraft.string":19,"stat.mineBlock.minecraft.ladder":1,"stat.pickup.harvestcraft.asparagusitem":1,"stat.useItem.minecraft.written_book":1,"stat.mineBlock.ancientspellcraft.arcane_anvil":1,"stat.craftItem.tconstruct.tooltables":2,"stat.pickup.vampirism.cursed_earth":5,"stat.pickup.minecraft.bone_block":2,"stat.killEntity.ebwizardry:evil_wizard":7,"stat.mineBlock.treasure2.dread_pirate_chest":1,"stat.mineBlock.minecraft.diamond_ore":5,"stat.mineBlock.biomesoplenty.mushroom":1,"stat.pickup.treasure2.milk_crate":3,"stat.drop.minecraft.lava_bucket":1,"stat.pickup.ebwizardry.novice_sorcery_wand":1,"stat.mineBlock.quark.marble":13,"stat.drop.ebwizardry.crystal_flower":1,"stat.pickup.minecraft.snowball":30,"stat.pickup.iceandfire.chared_dirt":2,"stat.diveOneCm":155588,"stat.pickup.tconstruct.tooltables":4,"stat.useItem.minecraft.chicken":13,"stat.drop.vampirism.vampire_book":1,"stat.useItem.minecraft.rotten_flesh":8,"stat.mineBlock.treasure2.viking_chest":2,"stat.jump":20160,"stat.useItem.minecraft.sand":38,"stat.mineBlock.iceandfire.frost_lily":2,"stat.craftItem.minecraft.torch":72,"stat.drop.twilightforest.twilight_log":3,"stat.pickup.minecraft.stone_shovel":1,"stat.pickup.minecraft.gold_ore":15,"stat.useItem.minecraft.sapling":3,"stat.damageTaken":36941,"stat.pickup.ebwizardry.scroll":2,"stat.mineBlock.minecraft.sapling":2,"stat.pickup.ebwizardry.crystal_flower":7,"stat.pickup.minecraft.log2":7,"stat.pickup.minecraft.bed":12,"stat.cauldronUsed":1,"stat.pickup.minecraft.potato":2,"stat.entityKilledBy.Zombie":4,"stat.pickup.ancientspellcraft.crystal_shard_fire":1,"stat.pickup.iceandfire.chared_grass":3,"stat.pickup.artifacts.shiny_red_balloon":1,"stat.craftItem.securitycraft.universal_block_reinforcer_lvl1":3,"stat.useItem.minecraft.chest":14,"stat.drop.iceandfire.chared_dirt":1,"stat.craftItem.minecraft.iron_chestplate":1,"stat.entityKilledBy.icedragon":4,"stat.craftItem.ebwizardry.novice_sorcery_wand":1,"stat.useItem.minecraft.netherrack":263,"stat.craftItem.travelersbackpack.sleeping_bag_bottom":1,"stat.pickup.totemexpansion.totem_head_time":1,"stat.mineBlock.minecraft.tnt":1,"stat.craftItem.minecraft.bookshelf":39,"stat.mineBlock.minecraft.stonebrick":14,"stat.pickup.harvestcraft.queenbeeitem":1,"stat.pickup.harvestcraft.strawberryitem":1,"stat.mineBlock.biomesoplenty.bramble_plant":4,"stat.drop.tombstone.magic_scroll":1,"stat.pickup.minecraft.torch":76,"stat.killEntity.ebwizardry:remnant":2,"stat.drop.iceandfire.armor_silver_metal_boots":1,"stat.killEntity.firedragon":1,"stat.pickup.tconstruct.book":1,"stat.drop.minecraft.waterlily":1,"stat.craftItem.minecraft.iron_axe":4,"stat.useItem.minecraft.mutton":189,"stat.useItem.minecraft.planks":140,"stat.pickup.minecraft.porkchop":273,"stat.pickup.minecraft.glass":5,"stat.pickup.tconstruct.slimesling":1,"stat.pickup.iceandfire.stymphalian_bird_feather":12,"stat.useItem.minecraft.water_bucket":202,"stat.pickup.minecraft.sand":117,"stat.pickup.iceandfire.jar_empty":1,"stat.entityKilledBy.Spider":1,"stat.pickup.minecraft.name_tag":2,"stat.pickup.harvestcraft.wintersquashitem":2,"stat.mineBlock.treasure2.compressor_chest":3,"stat.entityKilledBy.firedragon":14,"stat.pickup.iceandfire.ash":4,"stat.pickup.quark.rune":1,"stat.pickup.quark.marble":13,"stat.craftItem.securitycraft.reinforced_stone_button":45,"stat.mineBlock.biomesoplenty.dirt":30,"stat.useItem.minecraft.oak_stairs":5,"stat.mineBlock.iceandfire.silverpile":33,"stat.pickup.iceandfire.dragon_skull":2,"stat.mineBlock.iceandfire.frozen_splinters":4,"stat.pickup.minecraft.furnace":20,"stat.pickup.minecraft.iron_chestplate":2,"stat.pickup.minecraft.skull":9,"stat.pickup.tombstone.magic_scroll":3,"stat.pickup.chiselsandbits.chiseled_rock":4,"stat.craftItem.minecraft.heavy_weighted_pressure_plate":6,"stat.mineBlock.minecraft.oak_stairs":7,"stat.playOneMinute":982122,"stat.drop.minecraft.string":1,"stat.drop.securitycraft.universal_block_reinforcer_lvl1":7,"stat.mineBlock.minecraft.netherrack":736,"stat.craftItem.totemexpansion.totem_base":1,"stat.mineBlock.treasure2.crate_chest":2,"stat.mineBlock.tconstruct.faucet":1,"stat.fallOneCm":742918,"stat.pickup.quark.slate":32,"stat.pickup.iceandfire.pixie_dust":4,"stat.craftItem.minecraft.chest":4,"stat.entityKilledBy.ebwizardry:evil_wizard":1,"stat.pickup.minecraft.feather":108,"stat.useItem.biomesoplenty.mud":1,"stat.drop.iceandfire.chain_link":1,"stat.useItem.minecraft.stone_pickaxe":367,"stat.useItem.minecraft.stone_sword":84,"stat.killEntity.Rabbit":2,"stat.drop.minecraft.stick":2,"stat.useItem.minecraft.bone_block":1,"stat.drop.tombstone.crafting_ingredient":1,"stat.killEntity.LavaSlime":1,"stat.pickup.minecraft.log":777,"stat.pickup.biomesoplenty.planks_0":8,"stat.mineBlock.harvestcraft.pammaple":25,"stat.pickup.iceandfire.dragonscales_gray":9,"stat.killEntity.ancientspellcraft:skeleton_mage":10,"stat.pickup.treasure2.diamond_gold_necklace":1,"stat.pickup.vampirism.human_heart":2,"stat.pickup.tconstruct.slime_boots":1,"stat.sneakTime":26860,"stat.pickup.minecraft.chest":20,"stat.craftItem.minecraft.enchanting_table":1,"stat.pickup.immersiveengineering.ore":2,"stat.craftItem.tconstruct.faucet":1,"stat.drop.harvestcraft.seaweeditem":1,"stat.mineBlock.charm.crate_sealed":4,"stat.swimOneCm":145543,"stat.pickup.quark.glass_shards":15,"stat.drop.minecraft.brown_mushroom":1,"stat.useItem.minecraft.dirt":39,"stat.pickup.aether_legacy.iron_gloves":1,"stat.killEntity.artifacts.mimic":1,"stat.pickup.minecraft.enchanting_table":2,"stat.mineBlock.biomesoplenty.double_plant":4,"stat.mineBlock.minecraft.carpet":4,"stat.pickup.charm.record_nuance1":1,"stat.pickup.charm.record_nuance2":1,"stat.pickup.vampirism.item_tent":1,"stat.useItem.minecraft.stone_shovel":31,"stat.pickup.minecraft.glass_bottle":31,"stat.drop.minecraft.wheat_seeds":13,"stat.pickup.charm.record_piano3":1,"stat.mineBlock.charm.nether_gold_deposit":4,"stat.useItem.securitycraft.door_indestructible_iron_item":1,"stat.drop.minecraft.log":4,"stat.pickup.treasure2.safe":1,"stat.pickup.minecraft.mutton":451,"stat.mineBlock.biomesoplenty.log_2":12,"stat.pickup.minecraft.stonebrick":7,"stat.pickup.ebwizardry.magic_crystal":36,"stat.drop.harvestcraft.jicamaitem":1,"stat.killEntity.vampirism.vampire_hunter":4,"stat.craftItem.minecraft.stone_slab2":0,"stat.pickup.harvestcraft.mulberryitem":1,"stat.pickup.treasure2.spider_chest":2,"stat.mineBlock.biomesoplenty.log_0":3,"stat.mineBlock.treasure2.spider_chest":2,"stat.craftItem.minecraft.stone":206,"stat.mineBlock.minecraft.crafting_table":5,"stat.useItem.minecraft.diamond_pickaxe":1877,"stat.drop.biomesoplenty.bramble_plant":6,"stat.craftItem.totemexpansion.totem_time":1,"stat.pickup.ebwizardry.spark_bomb":2,"stat.pickup.iceandfire.jar_pixie":2,"stat.pickup.minecraft.slime_ball":5,"stat.drop.treasure2.pilferers_lock_pick":1,"stat.craftItem.minecraft.diamond_pickaxe":1,"stat.drop.harvestcraft.riceitem":1,"stat.drop.minecraft.wooden_pickaxe":1,"stat.pickup.minecraft.gravel":251,"stat.useItem.minecraft.glass_bottle":96,"stat.useItem.minecraft.diamond_axe":357,"stat.pickup.treasure2.pirate_chest":3,"stat.mineBlock.quark.roots_black_flower":1,"stat.pickup.minecraft.iron_helmet":1,"stat.mineBlock.treasure2.milk_crate":2,"stat.pickup.treasure2.compressor_chest":3,"stat.pickup.harvestcraft.peanutitem":2,"stat.pickup.minecraft.spider_eye":3,"stat.pickup.minecraft.iron_ore":166,"stat.drop.iceandfire.chared_grass":1,"stat.entityKilledBy.siren":2,"stat.pickup.iceandfire.shiny_scales":2,"stat.pickup.iceandfire.frost_lily":2,"stat.pickup.minecraft.leather":41,"stat.drop.minecraft.iron_hoe":1,"stat.useItem.minecraft.wooden_pickaxe":9,"stat.pickup.harvestcraft.blueberryitem":1,"stat.pickup.minecraft.reeds":18,"stat.pickup.minecraft.prismarine_crystals":8,"tombstone:undead_killed":58,"stat.craftItem.minecraft.glass":63,"stat.sleepInBed":49,"stat.pickup.twilightforest.twilight_log":14,"stat.craftItem.minecraft.baked_potato":27,"stat.mineBlock.quark.roots_blue_flower":1,"stat.killEntity.Cow":10,"stat.killEntity.Pig":13,"stat.craftItem.minecraft.iron_sword":1,"stat.walkOneCm":1699277,"stat.pickup.minecraft.clay_ball":27,"stat.mineBlock.minecraft.trapped_chest":2,"stat.mineBlock.vampirism.cursed_earth":5,"stat.useItem.scalinghealth.heartcontainer":1,"stat.pickup.quark.root_flower":3,"stat.pickup.minecraft.tnt":1,"stat.pickup.minecraft.stone":13,"stat.pickup.biomesoplenty.fleshchunk":270,"stat.mineBlock.minecraft.packed_ice":63,"stat.pickup.minecraft.gold_ingot":9,"stat.killEntity.Skeleton":2,"stat.pickup.vampirism.holy_salt":1,"stat.pickup.biomesoplenty.log_0":3,"stat.useItem.quark.slate":27,"stat.pickup.biomesoplenty.log_2":13,"stat.mineBlock.minecraft.redstone_torch":1,"stat.useItem.biomesoplenty.planks_0":10,"stat.killEntity.Spider":4,"stat.mineBlock.biomesoplenty.flesh":136,"stat.pickup.minecraft.bread":5,"stat.pickup.minecraft.quartz":14,"stat.pickup.minecraft.water_bucket":1,"stat.mineBlock.minecraft.redstone_ore":9,"stat.mineBlock.tconstruct.casting":4,"stat.mineBlock.harvestcraft.soggygarden":8,"stat.craftItem.minecraft.brick":5,"stat.mineBlock.minecraft.stone":781}