{"stat.pickup.tconstruct.book":1,"stat.mineBlock.quark.roots_white_flower":3,"stat.drop.minecraft.waterlily":1,"stat.leaveGame":4,"stat.pickup.toughasnails.purified_water_bottle":2,"stat.mineBlock.thaumcraft.ore_quartz":3,"stat.craftItem.minecraft.iron_axe":1,"stat.killEntity.vampirism.vampire":1,"stat.useItem.minecraft.planks":2,"stat.craftItem.minecraft.shield":1,"stat.mineBlock.immersiveengineering.ore":1,"stat.pickup.minecraft.porkchop":206,"stat.pickup.harvestcraft.seaweeditem":1,"stat.useItem.minecraft.water_bucket":32,"stat.pickup.minecraft.sand":3,"stat.craftItem.minecraft.stone_axe":1,"stat.pickup.harvestcraft.sweetpotatoitem":1,"stat.pickup.ebwizardry.spectral_dust":12,"stat.entityKilledBy.firedragon":4,"stat.pickup.minecraft.brown_mushroom":3,"stat.mineBlock.minecraft.sand":3,"stat.pickup.treasure2.gravestone3_obsidian":1,"stat.pickup.quark.tallow":21,"stat.useItem.minecraft.iron_pickaxe":232,"stat.craftItem.minecraft.wooden_pickaxe":1,"stat.craftItem.minecraft.bed":1,"stat.mineBlock.minecraft.vine":1,"stat.furnaceInteraction":79,"stat.pickup.quark.crystal":4,"stat.pickup.ebwizardry.arcane_tome":3,"stat.pickup.minecraft.furnace":11,"stat.pickup.harvestcraft.brusselsproutitem":4,"stat.pickup.minecraft.skull":3,"stat.mineBlock.thaumcraft.vishroom":1,"stat.craftItem.toughasnails.purified_water_bottle":12,"stat.pickup.thaumcraft.crystal_essence":88,"stat.pickup.thaumcraft.nugget":5,"stat.mineBlock.quark.crystal":4,"stat.deaths":7,"stat.playOneMinute":89746,"stat.craftItem.minecraft.iron_pickaxe":1,"stat.mineBlock.treasure2.gravestone3_spawner_obsidian":1,"stat.drop.minecraft.glass_bottle":1,"stat.mineBlock.minecraft.tallgrass":8,"stat.pickup.minecraft.cooked_mutton":17,"stat.pickup.harvestcraft.cottonitem":2,"stat.pickup.harvestcraft.kaleitem":1,"stat.pickup.minecraft.pumpkin":5,"stat.pickup.botania.mushroom":3,"stat.pickup.minecraft.waterlily":2,"stat.pickup.harvestcraft.waterchestnutitem":6,"stat.pickup.minecraft.wooden_pressure_plate":16,"stat.mineBlock.botania.mushroom":3,"stat.craftItem.biomesoplenty.planks_0":16,"stat.killEntity.vampirism.ghost":1,"stat.fallOneCm":48776,"stat.crouchOneCm":3540,"stat.craftItem.minecraft.iron_ingot":20,"stat.craftingTableInteraction":30,"stat.mineBlock.minecraft.wooden_pressure_plate":16,"stat.pickup.minecraft.wooden_pickaxe":1,"stat.useItem.minecraft.furnace":5,"stat.pickup.minecraft.dye":14,"stat.pickup.minecraft.planks":49,"stat.useItem.minecraft.stone_pickaxe":89,"stat.mineBlock.minecraft.dirt":9,"stat.useItem.minecraft.torch":19,"stat.drop.thaumcraft.vishroom":1,"stat.pickup.minecraft.iron_nugget":23,"stat.pickup.minecraft.crafting_table":3,"stat.useItem.minecraft.cobblestone":23,"stat.craftItem.minecraft.crafting_table":2,"stat.mineBlock.ebwizardry.crystal_ore":2,"stat.pickup.minecraft.log":26,"stat.useItem.harvestcraft.sweetpotatoitem":1,"stat.drop.minecraft.stonebrick":2,"stat.mineBlock.thaumcraft.crystal_terra":3,"stat.pickup.minecraft.sapling":7,"stat.pickup.thaumcraft.vishroom":1,"stat.drop.thaumcraft.nugget":2,"stat.killEntity.ancientspellcraft:skeleton_mage":10,"stat.craftItem.minecraft.bucket":1,"stat.craftItem.minecraft.planks":60,"stat.mineBlock.thaumcraft.crystal_ordo":4,"stat.drop.ebwizardry.arcane_tome":1,"stat.mineBlock.minecraft.log":19,"stat.pickup.minecraft.red_flower":1,"stat.pickup.thaumcraft.amber":1,"stat.sneakTime":2250,"stat.pickup.minecraft.wool":5,"stat.mineBlock.thaumcraft.crystal_perditio":9,"stat.mineBlock.thaumcraft.ore_cinnabar":2,"stat.pickup.immersiveengineering.ore":2,"stat.pickup.minecraft.bone":57,"stat.useItem.minecraft.iron_axe":97,"stat.mineBlock.minecraft.cobblestone":2,"stat.mineBlock.minecraft.pumpkin":5,"stat.mineBlock.iceandfire.chared_stone":3,"stat.mineBlock.minecraft.brown_mushroom":4,"stat.drop.harvestcraft.seaweeditem":1,"stat.mineBlock.charm.crate_sealed":1,"stat.swimOneCm":29524,"stat.climbOneCm":383,"stat.mineBlock.thaumcraft.ore_amber":1,"stat.mineBlock.quark.roots":1,"stat.pickup.harvestcraft.okraitem":3,"stat.useItem.minecraft.obsidian":1,"stat.useItem.minecraft.dirt":7,"stat.useItem.minecraft.stone_slab2":26,"stat.craftItem.minecraft.furnace":3,"stat.craftItem.minecraft.stone_pickaxe":1,"stat.mineBlock.minecraft.obsidian":12,"stat.pickup.minecraft.cobblestone":157,"stat.pickup.harvestcraft.jicamaitem":2,"stat.flyOneCm":340992,"stat.craftItem.minecraft.glass_bottle":3,"stat.pickup.minecraft.glass_bottle":1,"stat.pickup.ancientspellcraft.amnesia_scroll":1,"stat.pickup.minecraft.redstone":34,"stat.mineBlock.minecraft.iron_ore":103,"stat.timeSinceDeath":4290,"stat.drop.minecraft.log":2,"stat.pickup.minecraft.mutton":127,"stat.pickup.minecraft.mossy_cobblestone":3,"stat.mineBlock.biomesoplenty.log_2":4,"stat.drop.harvestcraft.waterchestnutitem":3,"stat.pickup.travelersbackpack.travelers_backpack":4,"stat.pickup.harvestcraft.riceitem":1,"stat.pickup.minecraft.stonebrick":2,"stat.pickup.ebwizardry.magic_crystal":22,"stat.useItem.minecraft.cooked_porkchop":42,"stat.drop.harvestcraft.jicamaitem":1,"stat.mineBlock.minecraft.coal_ore":146,"stat.entityKilledBy.ancientspellcraft:skeleton_mage":1,"stat.pickup.harvestcraft.asparagusitem":1,"stat.pickup.tombstone.crafting_ingredient":2,"stat.craftItem.minecraft.stone_slab2":0,"stat.pickup.harvestcraft.mulberryitem":1,"stat.sprintOneCm":104558,"stat.pickup.vampirism.cursed_earth":5,"stat.craftItem.minecraft.stick":20,"stat.killEntity.ebwizardry:evil_wizard":4,"stat.mineBlock.minecraft.diamond_ore":5,"stat.mineBlock.minecraft.crafting_table":3,"stat.useItem.minecraft.diamond_pickaxe":210,"stat.drop":18,"stat.mineBlock.thaumcraft.crystal_aqua":3,"stat.pickup.ebwizardry.ruined_spell_book":2,"stat.killEntity.Sheep":5,"stat.pickup.iceandfire.chared_dirt":2,"stat.mineBlock.minecraft.gold_ore":7,"stat.diveOneCm":13882,"stat.mineBlock.minecraft.mossy_cobblestone":3,"stat.drop.harvestcraft.riceitem":1,"stat.drop.minecraft.wooden_pickaxe":1,"stat.useItem.minecraft.glass_bottle":13,"stat.craftItem.minecraft.cooked_porkchop":70,"stat.mineBlock.minecraft.deadbush":1,"stat.pickup.minecraft.obsidian":12,"stat.jump":2109,"stat.pickup.minecraft.coal":251,"stat.pickup.minecraft.iron_ingot":3,"stat.useItem.minecraft.stone_axe":67,"stat.pickup.iceandfire.chared_stone":3,"stat.mineBlock.harvestcraft.shadedgarden":1,"stat.craftItem.minecraft.torch":16,"stat.pickup.minecraft.dirt":9,"stat.pickup.minecraft.iron_ore":107,"stat.drop.iceandfire.chared_grass":1,"stat.pickup.minecraft.gold_ore":7,"stat.mineBlock.minecraft.lapis_ore":3,"stat.damageTaken":3250,"stat.mineBlock.minecraft.furnace":10,"stat.mineBlock.minecraft.torch":3,"stat.useItem.minecraft.wooden_pickaxe":9,"stat.pickup.harvestcraft.blueberryitem":1,"stat.pickup.minecraft.bed":6,"tombstone:undead_killed":11,"stat.pickup.ancientspellcraft.crystal_shard_fire":1,"stat.damageDealt":7087,"stat.craftItem.minecraft.glass":3,"stat.pickup.iceandfire.chared_grass":1,"stat.sleepInBed":6,"stat.mineBlock.quark.roots_blue_flower":1,"stat.killEntity.Pig":11,"stat.mineBlock.iceandfire.chared_dirt":1,"stat.walkOneCm":260272,"stat.pickup.harvestcraft.greengrapeitem":1,"stat.useItem.minecraft.lava_bucket":1,"stat.mineBlock.vampirism.cursed_earth":5,"stat.useItem.scalinghealth.heartcontainer":1,"stat.drop.iceandfire.chared_dirt":1,"stat.pickup.quark.root_flower":1,"stat.pickup.minecraft.tnt":1,"stat.useItem.tombstone.gift":1,"stat.pickup.harvestcraft.spiceleafitem":6,"stat.pickup.scalinghealth.heartcontainer":1,"stat.pickup.harvestcraft.zucchiniitem":2,"stat.mineBlock.thaumcraft.crystal_ignis":8,"stat.mineBlock.minecraft.tnt":1,"stat.pickup.thaumcraft.ore_cinnabar":2,"stat.mineBlock.minecraft.stonebrick":9,"stat.pickup.biomesoplenty.log_2":4,"stat.drop.harvestcraft.blueberryitem":1,"stat.mobKills":35,"stat.pickup.minecraft.quartz":5,"stat.pickup.minecraft.diamond":5,"stat.mineBlock.minecraft.leaves":3,"stat.pickup.minecraft.torch":4,"stat.mineBlock.minecraft.redstone_ore":8,"stat.mineBlock.harvestcraft.soggygarden":8,"stat.mineBlock.minecraft.stone":159}