{"stat.mineBlock.quark.roots_white_flower":3,"stat.mineBlock.treasure2.pirate_chest":1,"stat.leaveGame":20,"stat.pickup.toughasnails.purified_water_bottle":4,"stat.mineBlock.iceandfire.jar_pixie":1,"stat.killEntity.vampirism.vampire":1,"stat.pickup.ebwizardry.spell_book":2,"stat.craftItem.minecraft.shield":2,"stat.mineBlock.minecraft.web":1,"stat.drop.ebwizardry.novice_sorcery_wand":1,"stat.drop.iceandfire.manuscript":1,"stat.pickup.harvestcraft.seaweeditem":1,"stat.pickup.minecraft.rotten_flesh":4,"stat.craftItem.minecraft.stone_axe":2,"stat.pickup.iceandfire.witherbone":2,"stat.craftItem.minecraft.iron_shovel":1,"stat.pickup.biomesoplenty.mushroom":1,"stat.pickup.minecraft.brown_mushroom":3,"stat.pickup.treasure2.gravestone3_obsidian":1,"stat.pickup.quark.tallow":27,"stat.drop.quark.slate":4,"stat.craftItem.iceandfire.silver_ingot":14,"stat.useItem.minecraft.iron_pickaxe":364,"stat.craftItem.minecraft.wooden_pickaxe":1,"stat.useItem.minecraft.iron_shovel":139,"stat.craftItem.minecraft.bed":1,"stat.mineBlock.minecraft.vine":1,"stat.furnaceInteraction":322,"stat.drop.minecraft.gravel":1,"stat.pickup.harvestcraft.cherryitem":2,"stat.mineBlock.botania.flower":12,"stat.mineBlock.quark.slate":37,"stat.pickup.iceandfire.manuscript":1,"stat.pickup.iceandfire.frozen_splinters":4,"stat.pickup.ebwizardry.arcane_tome":3,"stat.pickup.minecraft.beef":129,"stat.pickup.harvestcraft.brusselsproutitem":4,"stat.pickup.biomesoplenty.flower_0":5,"stat.craftItem.toughasnails.purified_water_bottle":76,"stat.pickup.minecraft.potion":27,"stat.useItem.minecraft.flint_and_steel":22,"stat.mineBlock.minecraft.fence":1,"stat.pickup.minecraft.emerald":7,"stat.mineBlock.quark.crystal":4,"stat.pickup.ebwizardry.cooldown_upgrade":1,"stat.useItem.minecraft.beef":38,"stat.craftItem.minecraft.dark_oak_boat":1,"stat.deaths":28,"stat.pickup.minecraft.egg":13,"stat.craftItem.minecraft.iron_pickaxe":2,"stat.drop.minecraft.glass_bottle":2,"stat.mineBlock.minecraft.tallgrass":16,"stat.craftItem.minecraft.cooked_mutton":10,"stat.pickup.bountifulbaubles.potionwormhole":2,"stat.pickup.minecraft.cooked_mutton":17,"stat.chestOpened":94,"stat.drop.toughasnails.purified_water_bottle":3,"stat.pickup.botania.mushroom":3,"stat.useItem.minecraft.stone":4,"stat.pickup.minecraft.arrow":43,"stat.pickup.minecraft.iron_sword":1,"stat.pickup.harvestcraft.waterchestnutitem":6,"stat.pickup.minecraft.wooden_pressure_plate":16,"stat.pickup.minecraft.gold_nugget":3,"stat.mineBlock.botania.mushroom":3,"stat.killEntity.vampirism.ghost":1,"stat.pickup.iceandfire.silver_nugget":189,"stat.pickup.treasure2.silver_coin":2,"stat.useItem.minecraft.rabbit":1,"stat.crouchOneCm":36830,"stat.mineBlock.minecraft.chest":2,"stat.craftItem.minecraft.iron_ingot":98,"stat.useItem.quark.root_flower":1,"stat.useItem.biomesoplenty.plant_1":2,"stat.craftingTableInteraction":59,"stat.mineBlock.minecraft.wooden_pressure_plate":16,"stat.drop.quark.tallow":2,"stat.pickup.minecraft.wooden_pickaxe":1,"stat.mineBlock.minecraft.log2":7,"stat.mineBlock.biomesoplenty.mud":2,"stat.useItem.minecraft.reeds":2,"stat.mineBlock.biomesoplenty.plant_1":5,"stat.mineBlock.biomesoplenty.plant_0":22,"stat.pickup.minecraft.dye":14,"stat.pickup.minecraft.planks":72,"stat.pickup.biomesoplenty.plant_1":11,"stat.pickup.minecraft.wheat_seeds":24,"stat.drop.minecraft.carpet":1,"stat.pickup.openblocks.technicolor_glasses":2,"stat.mineBlock.minecraft.dirt":51,"stat.pickup.immersiveengineering.seed":1,"stat.mineBlock.treasure2.gravestone2_spawner_cobblestone":1,"stat.mineBlock.biomesoplenty.leaves_3":2,"stat.useItem.minecraft.bread":11,"stat.mineBlock.biomesoplenty.leaves_1":8,"stat.pickup.harvestcraft.maplesyrupitem":4,"stat.useItem.minecraft.cobblestone":97,"stat.useItem.minecraft.gravel":6,"stat.useItem.harvestcraft.sweetpotatoitem":1,"stat.pickup.minecraft.iron_pickaxe":1,"stat.craftItem.minecraft.gold_ingot":7,"stat.drop.minecraft.sapling":2,"stat.pickup.minecraft.chicken":9,"stat.pickup.minecraft.apple":11,"stat.drop.twilightforest.steeleaf_ingot":3,"stat.craftItem.minecraft.bucket":2,"stat.pickup.biomesoplenty.bramble_plant":9,"stat.pickup.rats.contaminated_food":1,"stat.craftItem.minecraft.planks":200,"stat.mineBlock.vampirism.fire_place":1,"stat.useItem.minecraft.iron_sword":13,"stat.pickup.biomesoplenty.berries":1,"stat.drop.ebwizardry.arcane_tome":1,"stat.mineBlock.minecraft.log":164,"stat.pickup.iceandfire.dragonbone":5,"stat.useItem.biomesoplenty.dirt":2,"stat.pickup.biomesoplenty.dirt":23,"stat.pickup.minecraft.red_flower":6,"stat.pickup.minecraft.wool":38,"stat.killEntity.siren":1,"stat.useItem.minecraft.iron_axe":468,"stat.mineBlock.minecraft.cobblestone":34,"stat.mineBlock.minecraft.pumpkin":5,"stat.pickup.minecraft.stone_pickaxe":1,"stat.pickup.minecraft.flint":5,"stat.mineBlock.iceandfire.chared_stone":3,"stat.mineBlock.minecraft.yellow_flower":1,"stat.craftItem.tombstone.grave_key":1,"stat.pickup.minecraft.leather_chestplate":2,"stat.pickup.vampirism.fire_place":1,"stat.pickup.minecraft.enchanted_book":3,"stat.useItem.minecraft.obsidian":11,"stat.useItem.minecraft.stone_slab2":165,"stat.pickup.minecraft.bow":1,"stat.pickup.treasure2.gravestone2_polished_andesite":1,"stat.pickup.minecraft.iron_boots":1,"stat.craftItem.minecraft.furnace":3,"stat.useItem.minecraft.egg":3,"stat.pickup.iceandfire.chain_link":1,"stat.craftItem.minecraft.cooked_beef":56,"stat.mineBlock.minecraft.obsidian":30,"stat.pickup.quark.black_ash":2,"stat.pickup.minecraft.iron_trapdoor":1,"stat.pickup.harvestcraft.jicamaitem":2,"stat.flyOneCm":2392817,"stat.pickup.ancientspellcraft.amnesia_scroll":1,"stat.timeSinceDeath":62306,"stat.cauldronFilled":1,"stat.drop.harvestcraft.waterchestnutitem":3,"stat.pickup.travelersbackpack.travelers_backpack":26,"stat.pickup.harvestcraft.riceitem":1,"stat.pickup.ebwizardry.firebomb":1,"stat.mineBlock.minecraft.coal_ore":200,"stat.drop.minecraft.wool":1,"stat.talkedToVillager":2,"stat.entityKilledBy.ancientspellcraft:skeleton_mage":1,"stat.pickup.minecraft.string":1,"stat.pickup.harvestcraft.asparagusitem":1,"stat.pickup.tombstone.crafting_ingredient":2,"stat.entityKilledBy.Skeleton":1,"stat.useItem.vampirism.vampire_book":3,"stat.useItem.minecraft.written_book":1,"stat.sprintOneCm":670931,"stat.mineBlock.biomesoplenty.flower_0":5,"stat.pickup.vampirism.cursed_earth":5,"stat.mineBlock.biomesoplenty.grass":84,"stat.pickup.minecraft.bone_block":2,"stat.killEntity.ebwizardry:evil_wizard":7,"stat.mineBlock.minecraft.diamond_ore":5,"stat.useItem.minecraft.snowball":1,"stat.pickup.treasure2.milk_crate":2,"stat.drop.minecraft.lava_bucket":1,"stat.pickup.ebwizardry.novice_sorcery_wand":1,"stat.pickup.ebwizardry.ruined_spell_book":3,"stat.drop.tombstone.grave_key":1,"stat.pickup.tombstone.grave_key":2,"stat.drop.ebwizardry.crystal_flower":1,"stat.killEntity.Zombie":1,"stat.craftItem.minecraft.dye":28,"stat.pickup.minecraft.snowball":1,"stat.pickup.iceandfire.chared_dirt":2,"stat.mineBlock.minecraft.gold_ore":7,"stat.diveOneCm":59749,"stat.drop.minecraft.diamond_pickaxe":1,"stat.pickup.minecraft.wheat":5,"stat.mineBlock.minecraft.mossy_cobblestone":3,"stat.craftItem.minecraft.cooked_porkchop":116,"stat.useItem.minecraft.chicken":3,"stat.pickup.minecraft.obsidian":30,"stat.drop.vampirism.vampire_book":1,"stat.useItem.minecraft.rotten_flesh":3,"stat.mineBlock.treasure2.viking_chest":1,"stat.jump":12426,"stat.useItem.minecraft.sand":20,"stat.pickup.minecraft.coal":518,"stat.pickup.minecraft.iron_ingot":14,"stat.useItem.minecraft.dark_oak_boat":1,"stat.mineBlock.iceandfire.frost_lily":2,"stat.pickup.iceandfire.chared_stone":3,"stat.mineBlock.treasure2.gold_strongbox":1,"stat.craftItem.minecraft.torch":24,"stat.pickup.minecraft.dirt":51,"stat.pickup.minecraft.stone_shovel":1,"stat.pickup.minecraft.gold_ore":7,"stat.useItem.minecraft.sapling":2,"stat.mineBlock.minecraft.lapis_ore":3,"stat.damageTaken":16300,"stat.pickup.ebwizardry.scroll":2,"stat.mineBlock.minecraft.torch":17,"stat.mineBlock.minecraft.red_flower":1,"stat.pickup.minecraft.written_book":1,"stat.mineBlock.minecraft.sapling":2,"stat.pickup.ebwizardry.crystal_flower":5,"stat.pickup.minecraft.log2":7,"stat.mineBlock.harvestcraft.pamplum":1,"stat.pickup.minecraft.bed":11,"stat.cauldronUsed":1,"stat.drop.biomesoplenty.plant_1":2,"stat.pickup.minecraft.rabbit_hide":1,"stat.pickup.treasure2.gold_strongbox":1,"stat.pickup.ancientspellcraft.crystal_shard_fire":1,"stat.pickup.iceandfire.chared_grass":1,"stat.useItem.minecraft.chest":2,"stat.pickup.harvestcraft.greengrapeitem":1,"stat.useItem.minecraft.lava_bucket":12,"stat.pickup.minecraft.rabbit_foot":4,"stat.pickup.bountifulbaubles.potionrecall":2,"stat.drop.iceandfire.chared_dirt":1,"stat.useItem.tombstone.gift":2,"stat.pickup.harvestcraft.spiceleafitem":6,"stat.pickup.scalinghealth.heartcontainer":1,"stat.entityKilledBy.icedragon":4,"stat.craftItem.ebwizardry.novice_sorcery_wand":1,"stat.useItem.minecraft.netherrack":263,"stat.entityKilledBy.quark:foxhound":1,"stat.mineBlock.minecraft.tnt":1,"stat.mineBlock.minecraft.stonebrick":9,"stat.drop.harvestcraft.blueberryitem":1,"stat.mobKills":102,"stat.mineBlock.biomesoplenty.bramble_plant":4,"stat.drop.tombstone.magic_scroll":1,"stat.pickup.minecraft.diamond":5,"stat.drop.biomesoplenty.dirt":1,"stat.pickup.minecraft.torch":44,"stat.killEntity.ebwizardry:remnant":2,"stat.pickup.tconstruct.book":1,"stat.drop.minecraft.waterlily":1,"stat.mineBlock.ebwizardry.crystal_flower":5,"stat.pickup.treasure2.viking_chest":1,"stat.craftItem.minecraft.iron_axe":2,"stat.useItem.minecraft.soul_sand":168,"stat.useItem.minecraft.planks":29,"stat.mineBlock.immersiveengineering.ore":1,"stat.pickup.minecraft.porkchop":273,"stat.craftItem.iceandfire.jar_empty":1,"stat.pickup.minecraft.glass":5,"stat.pickup.tconstruct.slimesling":1,"stat.useItem.minecraft.water_bucket":96,"stat.pickup.minecraft.sand":63,"stat.pickup.iceandfire.jar_empty":1,"stat.pickup.harvestcraft.sweetpotatoitem":1,"stat.pickup.minecraft.name_tag":2,"stat.pickup.ebwizardry.spectral_dust":12,"stat.entityKilledBy.firedragon":4,"stat.mineBlock.minecraft.sand":63,"stat.pickup.quark.rune":1,"stat.pickup.treasure2.iron_lock":1,"stat.mineBlock.biomesoplenty.dirt":12,"stat.mineBlock.iceandfire.silverpile":33,"stat.pickup.iceandfire.dragon_skull":1,"stat.mineBlock.iceandfire.frozen_splinters":4,"stat.pickup.quark.crystal":4,"stat.pickup.minecraft.furnace":17,"stat.useItem.minecraft.cooked_mutton":7,"stat.pickup.minecraft.iron_chestplate":2,"stat.pickup.minecraft.skull":4,"stat.pickup.tombstone.magic_scroll":1,"stat.mineBlock.treasure2.gravestone2_polished_andesite":1,"stat.mineBlock.minecraft.soul_sand":228,"stat.playOneMinute":455531,"stat.drop.minecraft.string":1,"stat.mineBlock.treasure2.gravestone3_spawner_obsidian":1,"stat.pickup.minecraft.netherrack":962,"stat.pickup.harvestcraft.cottonitem":2,"stat.pickup.harvestcraft.kaleitem":1,"stat.pickup.minecraft.pumpkin":5,"stat.mineBlock.minecraft.netherrack":736,"stat.pickup.minecraft.waterlily":2,"stat.mineBlock.minecraft.ice":1,"stat.useItem.minecraft.packed_ice":1,"stat.craftItem.biomesoplenty.planks_0":36,"stat.fallOneCm":401350,"stat.pickup.quark.slate":32,"stat.craftItem.minecraft.chest":2,"stat.drop.iceandfire.frost_lily":2,"stat.entityKilledBy.ebwizardry:evil_wizard":1,"stat.pickup.minecraft.feather":63,"stat.drop.minecraft.bone":2,"stat.craftItem.minecraft.wooden_button":1,"stat.useItem.minecraft.furnace":9,"stat.pickup.minecraft.iron_leggings":2,"stat.drop.iceandfire.chain_link":1,"stat.mineBlock.minecraft.gravel":73,"stat.useItem.minecraft.stone_pickaxe":367,"stat.useItem.minecraft.stone_sword":84,"stat.killEntity.Rabbit":2,"stat.useItem.minecraft.wool":2,"stat.drop.minecraft.reeds":1,"stat.useItem.minecraft.bone_block":1,"stat.useItem.minecraft.torch":38,"stat.drop.tombstone.crafting_ingredient":1,"stat.pickup.minecraft.iron_nugget":23,"stat.pickup.minecraft.crafting_table":4,"stat.useItem.minecraft.log":10,"stat.craftItem.minecraft.crafting_table":5,"stat.killEntity.LavaSlime":1,"stat.mineBlock.ebwizardry.crystal_ore":2,"stat.pickup.minecraft.log":196,"stat.pickup.biomesoplenty.planks_0":4,"stat.drop.minecraft.stonebrick":2,"stat.mineBlock.harvestcraft.pammaple":25,"stat.drop.minecraft.planks":1,"stat.pickup.minecraft.sapling":21,"stat.killEntity.ancientspellcraft:skeleton_mage":10,"stat.killEntity.WitherSkeleton":1,"stat.pickup.treasure2.wood_key":2,"stat.pickup.treasure2.diamond_gold_necklace":1,"stat.pickup.vampirism.human_heart":2,"stat.pickup.tconstruct.slime_boots":1,"stat.sneakTime":13510,"stat.pickup.minecraft.rabbit":1,"stat.pickup.minecraft.yellow_flower":1,"stat.pickup.minecraft.chest":2,"stat.pickup.immersiveengineering.ore":2,"stat.pickup.minecraft.bone":214,"stat.pickup.minecraft.redstone_torch":1,"stat.mineBlock.minecraft.brown_mushroom":4,"stat.drop.harvestcraft.seaweeditem":1,"stat.mineBlock.charm.crate_sealed":3,"stat.swimOneCm":84919,"stat.climbOneCm":5182,"stat.mineBlock.quark.roots":1,"stat.pickup.harvestcraft.okraitem":3,"stat.useItem.minecraft.dirt":15,"stat.pickup.treasure2.pilferers_lock_pick":1,"stat.craftItem.minecraft.stone_pickaxe":1,"stat.pickup.minecraft.cobblestone":380,"stat.mineBlock.biomesoplenty.double_plant":2,"stat.mineBlock.minecraft.carpet":3,"stat.pickup.vampirism.item_tent":1,"stat.useItem.minecraft.stone_shovel":31,"stat.craftItem.minecraft.glass_bottle":39,"stat.pickup.minecraft.glass_bottle":29,"stat.pickup.minecraft.soul_sand":320,"stat.drop.minecraft.wheat_seeds":12,"stat.mineBlock.charm.nether_gold_deposit":4,"stat.useItem.minecraft.cooked_beef":56,"stat.pickup.minecraft.redstone":38,"stat.mineBlock.minecraft.iron_ore":130,"stat.drop.minecraft.log":2,"stat.pickup.minecraft.mutton":432,"stat.pickup.minecraft.mossy_cobblestone":3,"stat.mineBlock.biomesoplenty.log_2":12,"stat.drop.harvestcraft.maplesyrupitem":2,"stat.pickup.minecraft.stonebrick":2,"stat.drop.minecraft.dirt":5,"stat.pickup.ebwizardry.magic_crystal":31,"stat.useItem.minecraft.cooked_porkchop":116,"stat.drop.harvestcraft.jicamaitem":1,"stat.pickup.minecraft.carpet":4,"stat.killEntity.vampirism.vampire_hunter":4,"stat.pickup.ebwizardry.smoke_bomb":1,"stat.craftItem.minecraft.stone_slab2":0,"stat.pickup.harvestcraft.mulberryitem":1,"stat.pickup.minecraft.paper":2,"stat.mineBlock.biomesoplenty.log_0":3,"stat.craftItem.minecraft.stick":56,"stat.craftItem.minecraft.gold_nugget":9,"stat.craftItem.minecraft.stone":34,"stat.mineBlock.minecraft.crafting_table":4,"stat.useItem.minecraft.diamond_pickaxe":1122,"stat.pickup.botania.flower":11,"stat.drop":76,"stat.pickup.minecraft.jukebox":1,"stat.killEntity.Sheep":38,"stat.pickup.ebwizardry.spark_bomb":2,"stat.pickup.iceandfire.jar_pixie":2,"stat.craftItem.minecraft.diamond_pickaxe":1,"stat.drop.harvestcraft.riceitem":1,"stat.drop.minecraft.wooden_pickaxe":1,"stat.pickup.minecraft.gravel":70,"stat.useItem.minecraft.glass_bottle":96,"stat.pickup.treasure2.pirate_chest":1,"stat.useItem.minecraft.apple":2,"stat.mineBlock.minecraft.deadbush":1,"stat.useItem.minecraft.porkchop":6,"stat.useItem.minecraft.potion":2,"stat.pickup.minecraft.fence":1,"stat.pickup.minecraft.iron_helmet":1,"stat.mineBlock.treasure2.milk_crate":1,"stat.pickup.treasure2.silver_charm":1,"stat.useItem.minecraft.stone_axe":155,"stat.mineBlock.harvestcraft.shadedgarden":1,"stat.pickup.minecraft.iron_ore":134,"stat.drop.iceandfire.chared_grass":1,"stat.entityKilledBy.siren":2,"stat.pickup.iceandfire.shiny_scales":2,"stat.boatOneCm":16126,"stat.craftItem.minecraft.flint_and_steel":1,"stat.pickup.iceandfire.frost_lily":2,"stat.drop.vampirism.holy_salt":1,"stat.pickup.minecraft.leather":39,"stat.craftItem.minecraft.iron_bars":16,"stat.mineBlock.minecraft.furnace":16,"stat.useItem.minecraft.wooden_pickaxe":9,"stat.pickup.harvestcraft.blueberryitem":1,"stat.pickup.minecraft.reeds":10,"stat.pickup.minecraft.prismarine_crystals":5,"tombstone:undead_killed":16,"stat.useItem.tombstone.grave_key":13,"stat.damageDealt":19109,"stat.craftItem.minecraft.glass":34,"stat.sleepInBed":23,"stat.mineBlock.quark.roots_blue_flower":1,"stat.killEntity.Cow":9,"stat.killEntity.Pig":12,"stat.mineBlock.iceandfire.chared_dirt":1,"stat.craftItem.minecraft.iron_sword":1,"stat.pickup.treasure2.gravestone2_cobblestone":1,"stat.walkOneCm":949207,"stat.pickup.minecraft.stick":13,"stat.pickup.biomesoplenty.sapling_0":1,"stat.pickup.biomesoplenty.sapling_1":1,"stat.drop.treasure2.silver_coin":1,"stat.mineBlock.vampirism.cursed_earth":5,"stat.useItem.scalinghealth.heartcontainer":1,"stat.pickup.quark.root_flower":1,"stat.pickup.minecraft.tnt":1,"stat.drop.minecraft.leather_chestplate":1,"stat.pickup.minecraft.stone":13,"stat.pickup.biomesoplenty.fleshchunk":270,"stat.useItem.treasure2.iron_key":1,"stat.pickup.harvestcraft.zucchiniitem":2,"stat.mineBlock.minecraft.packed_ice":4,"stat.pickup.minecraft.gold_ingot":9,"stat.killEntity.Skeleton":1,"stat.pickup.vampirism.holy_salt":1,"stat.pickup.biomesoplenty.log_0":3,"stat.useItem.quark.slate":27,"stat.pickup.biomesoplenty.log_2":12,"stat.killEntity.Chicken":3,"stat.mineBlock.minecraft.redstone_torch":1,"stat.useItem.biomesoplenty.planks_0":10,"stat.mineBlock.minecraft.quartz_ore":9,"stat.mineBlock.biomesoplenty.flesh":136,"stat.pickup.minecraft.bread":5,"stat.pickup.minecraft.quartz":14,"stat.useItem.minecraft.golden_apple":2,"stat.mineBlock.minecraft.leaves":77,"stat.mineBlock.minecraft.redstone_ore":8,"stat.mineBlock.minecraft.bone_block":2,"stat.mineBlock.harvestcraft.soggygarden":8,"stat.mineBlock.minecraft.stone":338}